file,mixin_name,full_path
_accordion,accordion--base,scss/mixins/body_molecules/content/_accordion.scss
_accordion,accordion--body,scss/mixins/body_molecules/content/_accordion.scss
_accordion,accordion--button,scss/mixins/body_molecules/content/_accordion.scss
_accordion,accordion--flush,scss/mixins/body_molecules/content/_accordion.scss
_accordion,accordion--header,scss/mixins/body_molecules/content/_accordion.scss
_accordion,accordion--item,scss/mixins/body_molecules/content/_accordion.scss
_address,paragraph_address,scss/mixins/soul_type/paragraph/_address.scss
_alert,alert,scss/mixins/body_atoms/display/_alert.scss
_alert,alert--base,scss/mixins/body_atoms/display/_alert.scss
_alert,alert--error,scss/mixins/body_atoms/display/_alert.scss
_alert,alert--info,scss/mixins/body_atoms/display/_alert.scss
_alert,alert--success,scss/mixins/body_atoms/display/_alert.scss
_alert,alert--variant,scss/mixins/body_atoms/display/_alert.scss
_alert,alert--warning,scss/mixins/body_atoms/display/_alert.scss
_align_content,align_content,scss/mixins/head_layout/position/_align_content.scss
_align_content,align_content--around,scss/mixins/head_layout/position/_align_content.scss
_align_content,align_content--between,scss/mixins/head_layout/position/_align_content.scss
_align_content,align_content--center,scss/mixins/head_layout/position/_align_content.scss
_align_content,align_content--end,scss/mixins/head_layout/position/_align_content.scss
_align_content,align_content--evenly,scss/mixins/head_layout/position/_align_content.scss
_align_content,align_content--start,scss/mixins/head_layout/position/_align_content.scss
_align_content,align_content--stretch,scss/mixins/head_layout/position/_align_content.scss
_align_items,align--baseline,scss/mixins/head_layout/position/_align_items.scss
_align_items,align--center,scss/mixins/head_layout/position/_align_items.scss
_align_items,align--end,scss/mixins/head_layout/position/_align_items.scss
_align_items,align--start,scss/mixins/head_layout/position/_align_items.scss
_align_items,align--stretch,scss/mixins/head_layout/position/_align_items.scss
_align_self,align_self--auto,scss/mixins/head_layout/position/_align_self.scss
_align_self,align_self--baseline,scss/mixins/head_layout/position/_align_self.scss
_align_self,align_self--center,scss/mixins/head_layout/position/_align_self.scss
_align_self,align_self--end,scss/mixins/head_layout/position/_align_self.scss
_align_self,align_self--flex_end,scss/mixins/head_layout/position/_align_self.scss
_align_self,align_self--flex_start,scss/mixins/head_layout/position/_align_self.scss
_align_self,align_self--normal,scss/mixins/head_layout/position/_align_self.scss
_align_self,align_self--self_end,scss/mixins/head_layout/position/_align_self.scss
_align_self,align_self--self_start,scss/mixins/head_layout/position/_align_self.scss
_align_self,align_self--start,scss/mixins/head_layout/position/_align_self.scss
_align_self,align_self--stretch,scss/mixins/head_layout/position/_align_self.scss
_align_self,self--auto,scss/mixins/head_layout/position/_align_self.scss
_align_self,self--baseline,scss/mixins/head_layout/position/_align_self.scss
_align_self,self--center,scss/mixins/head_layout/position/_align_self.scss
_align_self,self--end,scss/mixins/head_layout/position/_align_self.scss
_align_self,self--start,scss/mixins/head_layout/position/_align_self.scss
_align_self,self--stretch,scss/mixins/head_layout/position/_align_self.scss
_badge,badge,scss/mixins/body_atoms/status/_badge.scss
_badge,badge--accent,scss/mixins/body_atoms/status/_badge.scss
_badge,badge--accent-secondary,scss/mixins/body_atoms/status/_badge.scss
_badge,badge--base,scss/mixins/body_atoms/status/_badge.scss
_badge,badge--button-positioned,scss/mixins/body_atoms/status/_badge.scss
_badge,badge--dot,scss/mixins/body_atoms/status/_badge.scss
_badge,badge--error,scss/mixins/body_atoms/status/_badge.scss
_badge,badge--info,scss/mixins/body_atoms/status/_badge.scss
_badge,badge--pill,scss/mixins/body_atoms/status/_badge.scss
_badge,badge--positioned,scss/mixins/body_atoms/status/_badge.scss
_badge,badge--positioned-container,scss/mixins/body_atoms/status/_badge.scss
_badge,badge--positioned-start,scss/mixins/body_atoms/status/_badge.scss
_badge,badge--rounded,scss/mixins/body_atoms/status/_badge.scss
_badge,badge--size,scss/mixins/body_atoms/status/_badge.scss
_badge,badge--size-lg,scss/mixins/body_atoms/status/_badge.scss
_badge,badge--size-md,scss/mixins/body_atoms/status/_badge.scss
_badge,badge--size-sm,scss/mixins/body_atoms/status/_badge.scss
_badge,badge--size-xl,scss/mixins/body_atoms/status/_badge.scss
_badge,badge--size-xs,scss/mixins/body_atoms/status/_badge.scss
_badge,badge--squared,scss/mixins/body_atoms/status/_badge.scss
_badge,badge--success,scss/mixins/body_atoms/status/_badge.scss
_badge,badge--warning,scss/mixins/body_atoms/status/_badge.scss
_banner,banner,scss/dev/_banner.scss
_base,display_block,scss/mixins/head_layout/display/_base.scss
_base,display_contents,scss/mixins/head_layout/display/_base.scss
_base,display_flex,scss/mixins/head_layout/display/_base.scss
_base,display_grid,scss/mixins/head_layout/display/_base.scss
_base,display_inline,scss/mixins/head_layout/display/_base.scss
_base,display_inline-block,scss/mixins/head_layout/display/_base.scss
_base,display_inline-flex,scss/mixins/head_layout/display/_base.scss
_base,display_inline-grid,scss/mixins/head_layout/display/_base.scss
_base,display_none,scss/mixins/head_layout/display/_base.scss
_base,display_table,scss/mixins/head_layout/display/_base.scss
_base,display_table-cell,scss/mixins/head_layout/display/_base.scss
_base,flex,scss/mixins/head_layout/flex/_base.scss
_base,flex--inline,scss/mixins/head_layout/flex/_base.scss
_base,grid--base,scss/mixins/head_layout/grid/_base.scss
_base,grid--base--inline,scss/mixins/head_layout/grid/_base.scss
_base_default,character--default,scss/mixins/soul_type/character/_base_default.scss
_base_normal,character--normal,scss/mixins/soul_type/character/_base_normal.scss
_border_color,border_color,scss/mixins/soul_line/_border_color.scss
_border_color,border_color_alert,scss/mixins/soul_line/_border_color.scss
_border_color,border_color_primary,scss/mixins/soul_line/_border_color.scss
_border_color,border_color_secondary,scss/mixins/soul_line/_border_color.scss
_border_color,border_gradient,scss/mixins/soul_line/_border_color.scss
_border_color,gradient-border,scss/mixins/soul_line/_border_color.scss
_border_effects,border_animated,scss/mixins/soul_line/_border_effects.scss
_border_effects,border_dotted-animated,scss/mixins/soul_line/_border_effects.scss
_border_effects,border_hover_effect,scss/mixins/soul_line/_border_effects.scss
_border_effects,vignette,scss/mixins/soul_line/_border_effects.scss
_border_responsive,border-responsive,scss/mixins/soul_line/_border_responsive.scss
_border_responsive,border_responsive,scss/mixins/soul_line/_border_responsive.scss
_border_responsive,border_responsive_thickness,scss/mixins/soul_line/_border_responsive.scss
_border_side,border--bottom,scss/mixins/soul_line/_border_side.scss
_border_side,border--horizontal,scss/mixins/soul_line/_border_side.scss
_border_side,border--left,scss/mixins/soul_line/_border_side.scss
_border_side,border--right,scss/mixins/soul_line/_border_side.scss
_border_side,border--top,scss/mixins/soul_line/_border_side.scss
_border_side,border--vertical,scss/mixins/soul_line/_border_side.scss
_border_side,border_all,scss/mixins/soul_line/_border_side.scss
_border_side,border_side,scss/mixins/soul_line/_border_side.scss
_border_style,border--dashed,scss/mixins/soul_line/_border_style.scss
_border_style,border--dotted,scss/mixins/soul_line/_border_style.scss
_border_style,border--double,scss/mixins/soul_line/_border_style.scss
_border_style,border--groove,scss/mixins/soul_line/_border_style.scss
_border_style,border--hidden,scss/mixins/soul_line/_border_style.scss
_border_style,border--inset,scss/mixins/soul_line/_border_style.scss
_border_style,border--none,scss/mixins/soul_line/_border_style.scss
_border_style,border--outset,scss/mixins/soul_line/_border_style.scss
_border_style,border--ridge,scss/mixins/soul_line/_border_style.scss
_border_style,border--solid,scss/mixins/soul_line/_border_style.scss
_border_style,border--transparent,scss/mixins/soul_line/_border_style.scss
_border_style,border_style,scss/mixins/soul_line/_border_style.scss
_border_style,border_style_custom,scss/mixins/soul_line/_border_style.scss
_border_style,border_transparent,scss/mixins/soul_line/_border_style.scss
_border_width,border_medium,scss/mixins/soul_line/_border_width.scss
_border_width,border_thick,scss/mixins/soul_line/_border_width.scss
_border_width,border_thin,scss/mixins/soul_line/_border_width.scss
_border_width,border_width_01,scss/mixins/soul_line/_border_width.scss
_border_width,border_width_02,scss/mixins/soul_line/_border_width.scss
_border_width,border_width_03,scss/mixins/soul_line/_border_width.scss
_border_width,border_width_04,scss/mixins/soul_line/_border_width.scss
_border_width,border_width_05,scss/mixins/soul_line/_border_width.scss
_border_width,border_width_06,scss/mixins/soul_line/_border_width.scss
_border_width,border_width_07,scss/mixins/soul_line/_border_width.scss
_border_width,border_width_08,scss/mixins/soul_line/_border_width.scss
_border_width,border_width_09,scss/mixins/soul_line/_border_width.scss
_border_width,border_width_10,scss/mixins/soul_line/_border_width.scss
_border_width,border_width_multiplier,scss/mixins/soul_line/_border_width.scss
_border_width,border_width_side,scss/mixins/soul_line/_border_width.scss
_border_width,no_border--bottom,scss/mixins/soul_line/_border_width.scss
_border_width,no_border--left,scss/mixins/soul_line/_border_width.scss
_border_width,no_border--right,scss/mixins/soul_line/_border_width.scss
_border_width,no_border--top,scss/mixins/soul_line/_border_width.scss
_box,box--size,scss/mixins/body_atoms/layout/_box.scss
_box,box--size_rect,scss/mixins/body_atoms/layout/_box.scss
_box_surface,box--surface,scss/mixins/body_atoms/layout/_box_surface.scss
_box_surface,box--surface_1,scss/mixins/body_atoms/layout/_box_surface.scss
_box_surface,box--surface_2,scss/mixins/body_atoms/layout/_box_surface.scss
_box_surface,box--surface_3,scss/mixins/body_atoms/layout/_box_surface.scss
_breadcrumb,breadcrumb--base,scss/mixins/body_molecules/content/_breadcrumb.scss
_breadcrumb,breadcrumb--item,scss/mixins/body_molecules/content/_breadcrumb.scss
_breadcrumb,breadcrumb--list,scss/mixins/body_molecules/content/_breadcrumb.scss
_button,button,scss/mixins/body_atoms/buttons/_button.scss
_button,button--accent,scss/mixins/body_atoms/buttons/_button.scss
_button,button--accent-secondary,scss/mixins/body_atoms/buttons/_button.scss
_button,button--base,scss/mixins/body_atoms/buttons/_button.scss
_button,button--block,scss/mixins/body_atoms/buttons/_button.scss
_button,button--clear,scss/mixins/body_atoms/buttons/_button.scss
_button,button--danger,scss/mixins/body_atoms/buttons/_button.scss
_button,button--disabled,scss/mixins/body_atoms/buttons/_button.scss
_button,button--focus-visible,scss/mixins/body_atoms/buttons/_button.scss
_button,button--ghost,scss/mixins/body_atoms/buttons/_button.scss
_button,button--icon,scss/mixins/body_atoms/buttons/_button.scss
_button,button--info,scss/mixins/body_atoms/buttons/_button.scss
_button,button--link,scss/mixins/body_atoms/buttons/_button.scss
_button,button--loading,scss/mixins/body_atoms/buttons/_button.scss
_button,button--outline,scss/mixins/body_atoms/buttons/_button.scss
_button,button--pill,scss/mixins/body_atoms/buttons/_button.scss
_button,button--primary,scss/mixins/body_atoms/buttons/_button.scss
_button,button--reset,scss/mixins/body_atoms/buttons/_button.scss
_button,button--rounded,scss/mixins/body_atoms/buttons/_button.scss
_button,button--secondary,scss/mixins/body_atoms/buttons/_button.scss
_button,button--size,scss/mixins/body_atoms/buttons/_button.scss
_button,button--size-lg,scss/mixins/body_atoms/buttons/_button.scss
_button,button--size-md,scss/mixins/body_atoms/buttons/_button.scss
_button,button--size-sm,scss/mixins/body_atoms/buttons/_button.scss
_button,button--size-xl,scss/mixins/body_atoms/buttons/_button.scss
_button,button--size-xs,scss/mixins/body_atoms/buttons/_button.scss
_button,button--solid,scss/mixins/body_atoms/buttons/_button.scss
_button,button--spin-keyframes,scss/mixins/body_atoms/buttons/_button.scss
_button,button--square,scss/mixins/body_atoms/buttons/_button.scss
_button,button--success,scss/mixins/body_atoms/buttons/_button.scss
_button,button--warning,scss/mixins/body_atoms/buttons/_button.scss
_button_flipper,flipper--down,scss/mixins/body_atoms/buttons/_button_flipper.scss
_button_flipper,flipper--left,scss/mixins/body_atoms/buttons/_button_flipper.scss
_button_flipper,flipper--right,scss/mixins/body_atoms/buttons/_button_flipper.scss
_button_flipper,flipper--up,scss/mixins/body_atoms/buttons/_button_flipper.scss
_button_flipper,flipper_button--base,scss/mixins/body_atoms/buttons/_button_flipper.scss
_button_flipper,flipper_button--base--horizontal,scss/mixins/body_atoms/buttons/_button_flipper.scss
_button_flipper,flipper_button--base--vertical,scss/mixins/body_atoms/buttons/_button_flipper.scss
_button_group,button-group--vertical,scss/mixins/body_molecules/navigation/_button_group.scss
_button_group,button_group,scss/mixins/body_molecules/navigation/_button_group.scss
_button_group,button_group--vertical,scss/mixins/body_molecules/navigation/_button_group.scss
_button_switch,custom-select,scss/mixins/body_atoms/buttons/_button_switch.scss
_button_switch,custom-select-select,scss/mixins/body_atoms/buttons/_button_switch.scss
_button_switch,same-as-selected,scss/mixins/body_atoms/buttons/_button_switch.scss
_button_switch,select-hide,scss/mixins/body_atoms/buttons/_button_switch.scss
_button_switch,select-items,scss/mixins/body_atoms/buttons/_button_switch.scss
_button_switch,select-items-div-and-selected,scss/mixins/body_atoms/buttons/_button_switch.scss
_button_switch,select-selected,scss/mixins/body_atoms/buttons/_button_switch.scss
_button_switch,select-selected-after,scss/mixins/body_atoms/buttons/_button_switch.scss
_button_switch,select-selected-arrow-active-after,scss/mixins/body_atoms/buttons/_button_switch.scss
_canvas,canvas,scss/mixins/body_organisms/_canvas.scss
_canvas,canvas--child,scss/mixins/body_organisms/_canvas.scss
_canvas,canvas_color,scss/mixins/body_organisms/_canvas.scss
_canvas,canvas_gradient,scss/mixins/body_organisms/_canvas.scss
_canvas,particles-js,scss/mixins/body_organisms/_canvas.scss
_caption,caption,scss/mixins/body_atoms/display/_caption.scss
_card,card--base,scss/mixins/body_molecules/cards/_card.scss
_card,card--body,scss/mixins/body_molecules/cards/_card.scss
_card,card--elevated,scss/mixins/body_molecules/cards/_card.scss
_card,card--flat,scss/mixins/body_molecules/cards/_card.scss
_card,card--footer,scss/mixins/body_molecules/cards/_card.scss
_card,card--header,scss/mixins/body_molecules/cards/_card.scss
_card,card--horizontal,scss/mixins/body_molecules/cards/_card.scss
_card,card--hover,scss/mixins/body_molecules/cards/_card.scss
_card,card--interactive,scss/mixins/body_molecules/cards/_card.scss
_card,card--outlined,scss/mixins/body_molecules/cards/_card.scss
_card,card--size-lg,scss/mixins/body_molecules/cards/_card.scss
_card,card--size-md,scss/mixins/body_molecules/cards/_card.scss
_card,card--size-sm,scss/mixins/body_molecules/cards/_card.scss
_card,card-grid,scss/mixins/body_molecules/cards/_card.scss
_card,card-grid-columns,scss/mixins/body_molecules/cards/_card.scss
_card,card__actions,scss/mixins/body_molecules/cards/_card.scss
_card,card__image,scss/mixins/body_molecules/cards/_card.scss
_card,card__image--top,scss/mixins/body_molecules/cards/_card.scss
_card,card__subtitle,scss/mixins/body_molecules/cards/_card.scss
_card,card__text,scss/mixins/body_molecules/cards/_card.scss
_card,card__title,scss/mixins/body_molecules/cards/_card.scss
_card_extended,card--danger,scss/mixins/body_molecules/cards/_card_extended.scss
_card_extended,card--info,scss/mixins/body_molecules/cards/_card_extended.scss
_card_extended,card--outline-danger,scss/mixins/body_molecules/cards/_card_extended.scss
_card_extended,card--outline-info,scss/mixins/body_molecules/cards/_card_extended.scss
_card_extended,card--outline-primary,scss/mixins/body_molecules/cards/_card_extended.scss
_card_extended,card--outline-success,scss/mixins/body_molecules/cards/_card_extended.scss
_card_extended,card--outline-warning,scss/mixins/body_molecules/cards/_card_extended.scss
_card_extended,card--primary,scss/mixins/body_molecules/cards/_card_extended.scss
_card_extended,card--success,scss/mixins/body_molecules/cards/_card_extended.scss
_card_extended,card--warning,scss/mixins/body_molecules/cards/_card_extended.scss
_card_extended,card__img--bottom,scss/mixins/body_molecules/cards/_card_extended.scss
_card_extended,card__img--top,scss/mixins/body_molecules/cards/_card_extended.scss
_card_extended,card__img_overlay,scss/mixins/body_molecules/cards/_card_extended.scss
_card_extended,card_columns,scss/mixins/body_molecules/cards/_card_extended.scss
_card_extended,card_deck,scss/mixins/body_molecules/cards/_card_extended.scss
_card_extended,card_extended--horizontal,scss/mixins/body_molecules/cards/_card_extended.scss
_card_extended,card_extended__footer,scss/mixins/body_molecules/cards/_card_extended.scss
_card_extended,card_extended__header,scss/mixins/body_molecules/cards/_card_extended.scss
_card_extended,card_group,scss/mixins/body_molecules/cards/_card_extended.scss
_carousel,carousel--base,scss/mixins/body_molecules/media/_carousel.scss
_carousel,carousel--slider,scss/mixins/body_molecules/media/_carousel.scss
_carousel,carousel-fixed-item--base,scss/mixins/body_molecules/media/_carousel.scss
_carousel,carousel-fixed-item--with-indicators,scss/mixins/body_molecules/media/_carousel.scss
_carousel,carousel-indicators--base,scss/mixins/body_molecules/media/_carousel.scss
_carousel,carousel-item--base,scss/mixins/body_molecules/media/_carousel.scss
_carousel,carousel-item--h2,scss/mixins/body_molecules/media/_carousel.scss
_carousel,carousel-item--img,scss/mixins/body_molecules/media/_carousel.scss
_carousel,carousel-item--p,scss/mixins/body_molecules/media/_carousel.scss
_carousel,carousel-item--slider,scss/mixins/body_molecules/media/_carousel.scss
_carousel,indicator-item--active,scss/mixins/body_molecules/media/_carousel.scss
_carousel,indicator-item--base,scss/mixins/body_molecules/media/_carousel.scss
_carousel,materialboxed--disabled,scss/mixins/body_molecules/media/_carousel.scss
_child,flex--basis,scss/mixins/head_layout/flex/_child.scss
_child,flex--fill,scss/mixins/head_layout/flex/_child.scss
_child,flex--grow,scss/mixins/head_layout/flex/_child.scss
_child,flex--keep,scss/mixins/head_layout/flex/_child.scss
_child,flex--order,scss/mixins/head_layout/flex/_child.scss
_child,flex--shrink,scss/mixins/head_layout/flex/_child.scss
_child,flex--size,scss/mixins/head_layout/flex/_child.scss
_chip,chip--base,scss/mixins/body_molecules/content/_chip.scss
_chip,chips--base,scss/mixins/body_molecules/content/_chip.scss
_chip,chips--empty-label,scss/mixins/body_molecules/content/_chip.scss
_chip,chips--with-prefix,scss/mixins/body_molecules/content/_chip.scss
_cite,paragraph_cite,scss/mixins/soul_type/paragraph/_cite.scss
_clearfix,clearfix,scss/mixins/head_layout/position/_clearfix.scss
_collapse,collapse--base,scss/mixins/body_molecules/content/_collapse.scss
_collapse,collapse--card,scss/mixins/body_molecules/content/_collapse.scss
_collapse,collapse--collapsing,scss/mixins/body_molecules/content/_collapse.scss
_collapse,collapse--fade,scss/mixins/body_molecules/content/_collapse.scss
_collapse,collapse--horizontal,scss/mixins/body_molecules/content/_collapse.scss
_collapse,collapse--slide,scss/mixins/body_molecules/content/_collapse.scss
_collapse,navbar--collapse,scss/mixins/body_molecules/content/_collapse.scss
_collapse,navbar--toggler,scss/mixins/body_molecules/content/_collapse.scss
_collapse,navbar--toggler-icon,scss/mixins/body_molecules/content/_collapse.scss
_cookie,cookieconsent--base,scss/mixins/body_molecules/content/_cookie.scss
_cover,content_cover_arrow,scss/mixins/body_molecules/content/_cover.scss
_cover,content_cover_base,scss/mixins/body_molecules/content/_cover.scss
_cover,content_cover_full,scss/mixins/body_molecules/content/_cover.scss
_cover,content_cover_image,scss/mixins/body_molecules/content/_cover.scss
_cover,content_cover_semi,scss/mixins/body_molecules/content/_cover.scss
_cover,content_cover_title,scss/mixins/body_molecules/content/_cover.scss
_cursor,click,scss/mixins/body_atoms/layout/_cursor.scss
_cursor,cursor,scss/mixins/body_atoms/layout/_cursor.scss
_cursor,cursor--all-scroll,scss/mixins/body_atoms/layout/_cursor.scss
_cursor,cursor--auto,scss/mixins/body_atoms/layout/_cursor.scss
_cursor,cursor--click,scss/mixins/body_atoms/layout/_cursor.scss
_cursor,cursor--crosshair,scss/mixins/body_atoms/layout/_cursor.scss
_cursor,cursor--default,scss/mixins/body_atoms/layout/_cursor.scss
_cursor,cursor--grab,scss/mixins/body_atoms/layout/_cursor.scss
_cursor,cursor--grabbing,scss/mixins/body_atoms/layout/_cursor.scss
_cursor,cursor--help,scss/mixins/body_atoms/layout/_cursor.scss
_cursor,cursor--move,scss/mixins/body_atoms/layout/_cursor.scss
_cursor,cursor--no-drop,scss/mixins/body_atoms/layout/_cursor.scss
_cursor,cursor--not-allowed,scss/mixins/body_atoms/layout/_cursor.scss
_cursor,cursor--pointer,scss/mixins/body_atoms/layout/_cursor.scss
_cursor,cursor--progress,scss/mixins/body_atoms/layout/_cursor.scss
_cursor,cursor--resize-e,scss/mixins/body_atoms/layout/_cursor.scss
_cursor,cursor--resize-ew,scss/mixins/body_atoms/layout/_cursor.scss
_cursor,cursor--resize-n,scss/mixins/body_atoms/layout/_cursor.scss
_cursor,cursor--resize-ne,scss/mixins/body_atoms/layout/_cursor.scss
_cursor,cursor--resize-nesw,scss/mixins/body_atoms/layout/_cursor.scss
_cursor,cursor--resize-ns,scss/mixins/body_atoms/layout/_cursor.scss
_cursor,cursor--resize-nw,scss/mixins/body_atoms/layout/_cursor.scss
_cursor,cursor--resize-nwse,scss/mixins/body_atoms/layout/_cursor.scss
_cursor,cursor--resize-s,scss/mixins/body_atoms/layout/_cursor.scss
_cursor,cursor--resize-se,scss/mixins/body_atoms/layout/_cursor.scss
_cursor,cursor--resize-sw,scss/mixins/body_atoms/layout/_cursor.scss
_cursor,cursor--resize-w,scss/mixins/body_atoms/layout/_cursor.scss
_cursor,cursor--text,scss/mixins/body_atoms/layout/_cursor.scss
_cursor,cursor--wait,scss/mixins/body_atoms/layout/_cursor.scss
_cursor,noclick,scss/mixins/body_atoms/layout/_cursor.scss
_debug,debug,scss/dev/_debug.scss
_default,paragraph--center,scss/mixins/soul_type/paragraph/_default.scss
_default,paragraph--default,scss/mixins/soul_type/paragraph/_default.scss
_default,paragraph--justify,scss/mixins/soul_type/paragraph/_default.scss
_default,paragraph--justify--left,scss/mixins/soul_type/paragraph/_default.scss
_default,paragraph--justify--right,scss/mixins/soul_type/paragraph/_default.scss
_default,paragraph--left,scss/mixins/soul_type/paragraph/_default.scss
_default,paragraph--normal,scss/mixins/soul_type/paragraph/_default.scss
_default,paragraph--right,scss/mixins/soul_type/paragraph/_default.scss
_deprecation,deprecate,scss/dev/_deprecation.scss
_dimensions,dim,scss/mixins/body_atoms/layout/_dimensions.scss
_dimensions,dim--base,scss/mixins/body_atoms/layout/_dimensions.scss
_dimensions,dim--overlay,scss/mixins/body_atoms/layout/_dimensions.scss
_dimensions,dim--selected,scss/mixins/body_atoms/layout/_dimensions.scss
_dimensions,dim__box,scss/mixins/body_atoms/layout/_dimensions.scss
_dimensions,dim__box--bottom,scss/mixins/body_atoms/layout/_dimensions.scss
_dimensions,dim__box--left,scss/mixins/body_atoms/layout/_dimensions.scss
_dimensions,dim__box--right,scss/mixins/body_atoms/layout/_dimensions.scss
_dimensions,dim__box--top,scss/mixins/body_atoms/layout/_dimensions.scss
_dimensions,dim__line--horizontal,scss/mixins/body_atoms/layout/_dimensions.scss
_dimensions,dim__line--vertical,scss/mixins/body_atoms/layout/_dimensions.scss
_dimensions,dim__pointer,scss/mixins/body_atoms/layout/_dimensions.scss
_direction,flex--col,scss/mixins/head_layout/flex/_direction.scss
_direction,flex--col--reverse,scss/mixins/head_layout/flex/_direction.scss
_direction,flex--row,scss/mixins/head_layout/flex/_direction.scss
_direction,flex--row--reverse,scss/mixins/head_layout/flex/_direction.scss
_display,display--1,scss/mixins/soul_type/paragraph/_display.scss
_display,display--2,scss/mixins/soul_type/paragraph/_display.scss
_display,display--3,scss/mixins/soul_type/paragraph/_display.scss
_display,display--4,scss/mixins/soul_type/paragraph/_display.scss
_display,display--5,scss/mixins/soul_type/paragraph/_display.scss
_display,display--6,scss/mixins/soul_type/paragraph/_display.scss
_divider,divider,scss/mixins/body_atoms/layout/_divider.scss
_divider,divider--base,scss/mixins/body_atoms/layout/_divider.scss
_divider,divider--base--vertical,scss/mixins/body_atoms/layout/_divider.scss
_divider,divider--dotted,scss/mixins/body_atoms/layout/_divider.scss
_divider,divider--thick,scss/mixins/body_atoms/layout/_divider.scss
_divider,divider--thin,scss/mixins/body_atoms/layout/_divider.scss
_divider,divider--vertical,scss/mixins/body_atoms/layout/_divider.scss
_divider,divider--vertical--dotted,scss/mixins/body_atoms/layout/_divider.scss
_divider,divider--vertical--inline,scss/mixins/body_atoms/layout/_divider.scss
_divider,divider--vertical--thick,scss/mixins/body_atoms/layout/_divider.scss
_divider,divider--vertical--thin,scss/mixins/body_atoms/layout/_divider.scss
_drilldown,drilldown--auto-height,scss/mixins/body_molecules/navigation/_drilldown.scss
_drilldown,drilldown--back,scss/mixins/body_molecules/navigation/_drilldown.scss
_drilldown,drilldown--bordered,scss/mixins/body_molecules/navigation/_drilldown.scss
_drilldown,drilldown--compact,scss/mixins/body_molecules/navigation/_drilldown.scss
_drilldown,drilldown--container,scss/mixins/body_molecules/navigation/_drilldown.scss
_drilldown,drilldown--dark,scss/mixins/body_molecules/navigation/_drilldown.scss
_drilldown,drilldown--go-to-level,scss/mixins/body_molecules/navigation/_drilldown.scss
_drilldown,drilldown--has-submenu,scss/mixins/body_molecules/navigation/_drilldown.scss
_drilldown,drilldown--item,scss/mixins/body_molecules/navigation/_drilldown.scss
_drilldown,drilldown--item-active,scss/mixins/body_molecules/navigation/_drilldown.scss
_drilldown,drilldown--item-disabled,scss/mixins/body_molecules/navigation/_drilldown.scss
_drilldown,drilldown--level,scss/mixins/body_molecules/navigation/_drilldown.scss
_drilldown,drilldown--submenu-title,scss/mixins/body_molecules/navigation/_drilldown.scss
_drilldown,drilldown--wrapper,scss/mixins/body_molecules/navigation/_drilldown.scss
_dropdown,dropdown-menu--container,scss/mixins/body_molecules/navigation/_dropdown.scss
_dropdown,dropdown-menu--content,scss/mixins/body_molecules/navigation/_dropdown.scss
_dropdown,dropdown-menu--content-center,scss/mixins/body_molecules/navigation/_dropdown.scss
_dropdown,dropdown-menu--content-end,scss/mixins/body_molecules/navigation/_dropdown.scss
_dropdown,dropdown-menu--content-right,scss/mixins/body_molecules/navigation/_dropdown.scss
_dropdown,dropdown-menu--content-show,scss/mixins/body_molecules/navigation/_dropdown.scss
_dropdown,dropdown-menu--content-start,scss/mixins/body_molecules/navigation/_dropdown.scss
_dropdown,dropdown-menu--content-up,scss/mixins/body_molecules/navigation/_dropdown.scss
_dropdown,dropdown-menu--dark,scss/mixins/body_molecules/navigation/_dropdown.scss
_dropdown,dropdown-menu--divider,scss/mixins/body_molecules/navigation/_dropdown.scss
_dropdown,dropdown-menu--header,scss/mixins/body_molecules/navigation/_dropdown.scss
_dropdown,dropdown-menu--hover,scss/mixins/body_molecules/navigation/_dropdown.scss
_dropdown,dropdown-menu--item,scss/mixins/body_molecules/navigation/_dropdown.scss
_dropdown,dropdown-menu--item-active,scss/mixins/body_molecules/navigation/_dropdown.scss
_dropdown,dropdown-menu--item-disabled,scss/mixins/body_molecules/navigation/_dropdown.scss
_dropdown,dropdown-menu--item-icon,scss/mixins/body_molecules/navigation/_dropdown.scss
_dropdown,dropdown-menu--text,scss/mixins/body_molecules/navigation/_dropdown.scss
_dropdown,dropdown-menu-button--base,scss/mixins/body_molecules/navigation/_dropdown.scss
_emphasis,character--emphasis,scss/mixins/soul_type/character/_emphasis.scss
_emphasis,emphasis-circle,scss/mixins/soul_type/character/_emphasis.scss
_emphasis,emphasis-dot,scss/mixins/soul_type/character/_emphasis.scss
_emphasis,emphasis-double-circle,scss/mixins/soul_type/character/_emphasis.scss
_emphasis,emphasis-italic,scss/mixins/soul_type/character/_emphasis.scss
_emphasis,emphasis-sesame,scss/mixins/soul_type/character/_emphasis.scss
_emphasis,emphasis-triangle,scss/mixins/soul_type/character/_emphasis.scss
_figure,figure--aspect-16x9,scss/mixins/body_molecules/content/_figure.scss
_figure,figure--aspect-1x1,scss/mixins/body_molecules/content/_figure.scss
_figure,figure--aspect-2x3,scss/mixins/body_molecules/content/_figure.scss
_figure,figure--aspect-3x2,scss/mixins/body_molecules/content/_figure.scss
_figure,figure--aspect-3x4,scss/mixins/body_molecules/content/_figure.scss
_figure,figure--aspect-4x3,scss/mixins/body_molecules/content/_figure.scss
_figure,figure--aspect-base,scss/mixins/body_molecules/content/_figure.scss
_figure,figure--aspect-img,scss/mixins/body_molecules/content/_figure.scss
_figure,figure--base,scss/mixins/body_molecules/content/_figure.scss
_figure,figure--rounded,scss/mixins/body_molecules/content/_figure.scss
_fixed,position--fixed,scss/mixins/head_layout/position/_fixed.scss
_fixed,position--inherit,scss/mixins/head_layout/position/_fixed.scss
_flex_utilities,flex-grow--0,scss/mixins/head_layout/flex/_flex_utilities.scss
_flex_utilities,flex-grow--1,scss/mixins/head_layout/flex/_flex_utilities.scss
_flex_utilities,flex-shrink--0,scss/mixins/head_layout/flex/_flex_utilities.scss
_flex_utilities,flex-shrink--1,scss/mixins/head_layout/flex/_flex_utilities.scss
_float,float--end,scss/mixins/head_layout/position/_float.scss
_float,float--none,scss/mixins/head_layout/position/_float.scss
_float,float--start,scss/mixins/head_layout/position/_float.scss
_float,float-responsive,scss/mixins/head_layout/position/_float.scss
_floating_label,form_floating,scss/mixins/body_molecules/forms/_floating_label.scss
_floating_label,form_floating--in-input-group,scss/mixins/body_molecules/forms/_floating_label.scss
_flow,grid__flow--col,scss/mixins/head_layout/grid/_flow.scss
_flow,grid__flow--col--dense,scss/mixins/head_layout/grid/_flow.scss
_flow,grid__flow--dense,scss/mixins/head_layout/grid/_flow.scss
_flow,grid__flow--row,scss/mixins/head_layout/grid/_flow.scss
_flow,grid__flow--row--dense,scss/mixins/head_layout/grid/_flow.scss
_focus_ring,focus-ring,scss/mixins/utilities/_focus_ring.scss
_focus_ring,focus-ring--danger,scss/mixins/utilities/_focus_ring.scss
_focus_ring,focus-ring--info,scss/mixins/utilities/_focus_ring.scss
_focus_ring,focus-ring--primary,scss/mixins/utilities/_focus_ring.scss
_focus_ring,focus-ring--success,scss/mixins/utilities/_focus_ring.scss
_focus_ring,focus-ring--warning,scss/mixins/utilities/_focus_ring.scss
_font_default,font--base,scss/mixins/soul_type/font/_font_default.scss
_font_default,font--default,scss/mixins/soul_type/font/_font_default.scss
_font_default,font--mono,scss/mixins/soul_type/font/_font_default.scss
_font_default,font--sans,scss/mixins/soul_type/font/_font_default.scss
_font_default,font--serif,scss/mixins/soul_type/font/_font_default.scss
_font_default,font--slab,scss/mixins/soul_type/font/_font_default.scss
_font_letter_spacing,letter_spacing_00,scss/mixins/soul_type/font/_font_letter_spacing.scss
_font_letter_spacing,letter_spacing_01,scss/mixins/soul_type/font/_font_letter_spacing.scss
_font_letter_spacing,letter_spacing_02,scss/mixins/soul_type/font/_font_letter_spacing.scss
_font_letter_spacing,letter_spacing_03,scss/mixins/soul_type/font/_font_letter_spacing.scss
_font_letter_spacing,letter_spacing_04,scss/mixins/soul_type/font/_font_letter_spacing.scss
_font_letter_spacing,letter_spacing_05,scss/mixins/soul_type/font/_font_letter_spacing.scss
_font_letter_spacing,letter_spacing_06,scss/mixins/soul_type/font/_font_letter_spacing.scss
_font_letter_spacing,letter_spacing_07,scss/mixins/soul_type/font/_font_letter_spacing.scss
_font_letter_spacing,letter_spacing_08,scss/mixins/soul_type/font/_font_letter_spacing.scss
_font_letter_spacing,letter_spacing_09,scss/mixins/soul_type/font/_font_letter_spacing.scss
_font_letter_spacing,letter_spacing_10,scss/mixins/soul_type/font/_font_letter_spacing.scss
_font_letter_spacing,letter_spacing_11,scss/mixins/soul_type/font/_font_letter_spacing.scss
_font_letter_spacing,letter_spacing_12,scss/mixins/soul_type/font/_font_letter_spacing.scss
_font_letter_spacing,letter_spacing_min_01,scss/mixins/soul_type/font/_font_letter_spacing.scss
_font_letter_spacing,letter_spacing_min_02,scss/mixins/soul_type/font/_font_letter_spacing.scss
_font_letter_spacing,letter_spacing_min_03,scss/mixins/soul_type/font/_font_letter_spacing.scss
_font_letter_spacing,letter_spacing_min_04,scss/mixins/soul_type/font/_font_letter_spacing.scss
_font_letter_spacing,letter_spacing_min_05,scss/mixins/soul_type/font/_font_letter_spacing.scss
_font_letter_spacing,letter_spacing_min_06,scss/mixins/soul_type/font/_font_letter_spacing.scss
_font_letter_spacing,letter_spacing_min_07,scss/mixins/soul_type/font/_font_letter_spacing.scss
_font_letter_spacing,letter_spacing_min_08,scss/mixins/soul_type/font/_font_letter_spacing.scss
_font_letter_spacing,letter_spacing_min_09,scss/mixins/soul_type/font/_font_letter_spacing.scss
_font_letter_spacing,letter_spacing_min_10,scss/mixins/soul_type/font/_font_letter_spacing.scss
_font_letter_spacing,letter_spacing_min_11,scss/mixins/soul_type/font/_font_letter_spacing.scss
_font_letter_spacing,letter_spacing_min_12,scss/mixins/soul_type/font/_font_letter_spacing.scss
_font_letter_spacing,letter_spacings,scss/mixins/soul_type/font/_font_letter_spacing.scss
_font_size,font--size,scss/mixins/soul_type/font/_font_size.scss
_font_size,font--size_01,scss/mixins/soul_type/font/_font_size.scss
_font_size,font--size_02,scss/mixins/soul_type/font/_font_size.scss
_font_size,font--size_03,scss/mixins/soul_type/font/_font_size.scss
_font_size,font--size_04,scss/mixins/soul_type/font/_font_size.scss
_font_size,font--size_05,scss/mixins/soul_type/font/_font_size.scss
_font_size,font--size_06,scss/mixins/soul_type/font/_font_size.scss
_font_size,font--size_07,scss/mixins/soul_type/font/_font_size.scss
_font_size,font--size_08,scss/mixins/soul_type/font/_font_size.scss
_font_size,font--size_09,scss/mixins/soul_type/font/_font_size.scss
_font_size,font--size_10,scss/mixins/soul_type/font/_font_size.scss
_font_size,font--size_11,scss/mixins/soul_type/font/_font_size.scss
_font_size,font--size_12,scss/mixins/soul_type/font/_font_size.scss
_font_size,font--size_scale,scss/mixins/soul_type/font/_font_size.scss
_font_weight,font--weight,scss/mixins/soul_type/font/_font_weight.scss
_font_weight,font--weight_100,scss/mixins/soul_type/font/_font_weight.scss
_font_weight,font--weight_200,scss/mixins/soul_type/font/_font_weight.scss
_font_weight,font--weight_300,scss/mixins/soul_type/font/_font_weight.scss
_font_weight,font--weight_400,scss/mixins/soul_type/font/_font_weight.scss
_font_weight,font--weight_500,scss/mixins/soul_type/font/_font_weight.scss
_font_weight,font--weight_600,scss/mixins/soul_type/font/_font_weight.scss
_font_weight,font--weight_700,scss/mixins/soul_type/font/_font_weight.scss
_font_weight,font--weight_800,scss/mixins/soul_type/font/_font_weight.scss
_font_weight,font--weight_900,scss/mixins/soul_type/font/_font_weight.scss
_font_weight,generate_font--weight_map,scss/mixins/soul_type/font/_font_weight.scss
_footer,footer,scss/mixins/head_content/_footer.scss
_footer,footer_copyright,scss/mixins/head_content/_footer.scss
_footer,footer_overlay,scss/mixins/head_content/_footer.scss
_form,fieldset,scss/mixins/body_molecules/forms/_form.scss
_form,fieldset__legend,scss/mixins/body_molecules/forms/_form.scss
_form,form--base,scss/mixins/body_molecules/forms/_form.scss
_form,form--col,scss/mixins/body_molecules/forms/_form.scss
_form,form--horizontal,scss/mixins/body_molecules/forms/_form.scss
_form,form--inline,scss/mixins/body_molecules/forms/_form.scss
_form,form--row,scss/mixins/body_molecules/forms/_form.scss
_form,form-actions,scss/mixins/body_molecules/forms/_form.scss
_form,form-actions--between,scss/mixins/body_molecules/forms/_form.scss
_form,form-actions--center,scss/mixins/body_molecules/forms/_form.scss
_form,form-actions--right,scss/mixins/body_molecules/forms/_form.scss
_form,form-error,scss/mixins/body_molecules/forms/_form.scss
_form,form-field,scss/mixins/body_molecules/forms/_form.scss
_form,form-field--inline,scss/mixins/body_molecules/forms/_form.scss
_form,form-field--required,scss/mixins/body_molecules/forms/_form.scss
_form,form-help,scss/mixins/body_molecules/forms/_form.scss
_form,label--base,scss/mixins/body_molecules/forms/_form.scss
_form,label--base--lg,scss/mixins/body_molecules/forms/_form.scss
_form,label--base--sm,scss/mixins/body_molecules/forms/_form.scss
_form,form-row,scss/mixins/body_molecules/forms/_form.scss
_form,form-row--auto,scss/mixins/body_molecules/forms/_form.scss
_form,form-row-columns,scss/mixins/body_molecules/forms/_form.scss
_form,form-success,scss/mixins/body_molecules/forms/_form.scss
_form,form__control,scss/mixins/body_molecules/forms/_form.scss
_form,form__field--base,scss/mixins/body_molecules/forms/_form.scss
_form,form__field--col,scss/mixins/body_molecules/forms/_form.scss
_form,form__field--row,scss/mixins/body_molecules/forms/_form.scss
_formfield,formfield--ordered,scss/mixins/body_molecules/forms/_formfield.scss
_formfield,formfield-radio-buttons,scss/mixins/body_molecules/forms/_formfield.scss
_formfield,formfield-radio-buttons__option,scss/mixins/body_molecules/forms/_formfield.scss
_formfield,formfield-radio-buttons__option--hover,scss/mixins/body_molecules/forms/_formfield.scss
_formfield,formfield-radio-buttons__option--selected,scss/mixins/body_molecules/forms/_formfield.scss
_formfield,formfield-radio-buttons__option-badge,scss/mixins/body_molecules/forms/_formfield.scss
_formfield,formfield-radio-buttons__option-input,scss/mixins/body_molecules/forms/_formfield.scss
_formfield,formfield-radio-buttons__option-input-list,scss/mixins/body_molecules/forms/_formfield.scss
_formfield,formfield-radio-buttons__option-input-list-item,scss/mixins/body_molecules/forms/_formfield.scss
_formfield,formfield-radio-buttons__option-input-top,scss/mixins/body_molecules/forms/_formfield.scss
_formfield,formfield-radio-buttons__option-input-wrapper,scss/mixins/body_molecules/forms/_formfield.scss
_formfield,formfield-radio-buttons__option-label,scss/mixins/body_molecules/forms/_formfield.scss
_formfield,formfield-radio-buttons__option-label-highlight,scss/mixins/body_molecules/forms/_formfield.scss
_formfield,formfield-radio-buttons__option-label-right,scss/mixins/body_molecules/forms/_formfield.scss
_formfield,formfield-radio-buttons__option-label-wrapper,scss/mixins/body_molecules/forms/_formfield.scss
_formfield,formfield-radio-buttons__option-subtext,scss/mixins/body_molecules/forms/_formfield.scss
_formfield,formfield-radio-buttons__option-tag,scss/mixins/body_molecules/forms/_formfield.scss
_formfield,formfield-radio-buttons__option-tag--show,scss/mixins/body_molecules/forms/_formfield.scss
_formfield,formfield__error--ordered,scss/mixins/body_molecules/forms/_formfield.scss
_formfield,formfield__help--ordered,scss/mixins/body_molecules/forms/_formfield.scss
_formfield,formfield__image-preview,scss/mixins/body_molecules/forms/_formfield.scss
_formfield,formfield__input--full-width,scss/mixins/body_molecules/forms/_formfield.scss
_formfield,formfield__input--ordered,scss/mixins/body_molecules/forms/_formfield.scss
_formfield,formfield__label--ordered,scss/mixins/body_molecules/forms/_formfield.scss
_frame_app,frame_app--base,scss/mixins/head_frame/_frame_app.scss
_frame_background,frame_main__area__background,scss/mixins/head_frame/_frame_background.scss
_frame_base,frame--app,scss/mixins/head_frame/_frame_base.scss
_frame_base,frame--aspect--auto,scss/mixins/head_frame/_frame_base.scss
_frame_base,frame--container,scss/mixins/head_frame/_frame_base.scss
_frame_base,frame--container--2xl,scss/mixins/head_frame/_frame_base.scss
_frame_base,frame--container--lg,scss/mixins/head_frame/_frame_base.scss
_frame_base,frame--container--md,scss/mixins/head_frame/_frame_base.scss
_frame_base,frame--container--sm,scss/mixins/head_frame/_frame_base.scss
_frame_base,frame--container--xl,scss/mixins/head_frame/_frame_base.scss
_frame_base,frame--container-base,scss/mixins/head_frame/_frame_base.scss
_frame_base,frame--footer,scss/mixins/head_frame/_frame_base.scss
_frame_base,frame--full,scss/mixins/head_frame/_frame_base.scss
_frame_base,frame--header,scss/mixins/head_frame/_frame_base.scss
_frame_base,frame--landscape,scss/mixins/head_frame/_frame_base.scss
_frame_base,frame--main,scss/mixins/head_frame/_frame_base.scss
_frame_base,frame--portrait,scss/mixins/head_frame/_frame_base.scss
_frame_base,frame--sidebar,scss/mixins/head_frame/_frame_base.scss
_frame_base,frame--square,scss/mixins/head_frame/_frame_base.scss
_frame_base,frame--video,scss/mixins/head_frame/_frame_base.scss
_frame_base,frame--viewport,scss/mixins/head_frame/_frame_base.scss
_frame_base,frame--viewport--dynamic,scss/mixins/head_frame/_frame_base.scss
_frame_base,frame--viewport--large,scss/mixins/head_frame/_frame_base.scss
_frame_base,frame--viewport--small,scss/mixins/head_frame/_frame_base.scss
_frame_base,frame--widescreen,scss/mixins/head_frame/_frame_base.scss
_frame_base,frame__area,scss/mixins/head_frame/_frame_base.scss
_frame_base,frame__area--bottom,scss/mixins/head_frame/_frame_base.scss
_frame_base,frame__area--center,scss/mixins/head_frame/_frame_base.scss
_frame_base,frame__area--left,scss/mixins/head_frame/_frame_base.scss
_frame_base,frame__area--middle,scss/mixins/head_frame/_frame_base.scss
_frame_base,frame__area--right,scss/mixins/head_frame/_frame_base.scss
_frame_base,frame__area--top,scss/mixins/head_frame/_frame_base.scss
_frame_base,frame_base,scss/mixins/head_frame/_frame_base.scss
_frame_canvas,frame--inner--screen,scss/mixins/head_frame/_frame_canvas.scss
_frame_canvas,frame__area--bottom_center,scss/mixins/head_frame/_frame_canvas.scss
_frame_canvas,frame__area--bottom_left,scss/mixins/head_frame/_frame_canvas.scss
_frame_canvas,frame__area--bottom_right,scss/mixins/head_frame/_frame_canvas.scss
_frame_canvas,frame__area--middle_center,scss/mixins/head_frame/_frame_canvas.scss
_frame_canvas,frame__area--middle_left,scss/mixins/head_frame/_frame_canvas.scss
_frame_canvas,frame__area--middle_right,scss/mixins/head_frame/_frame_canvas.scss
_frame_canvas,frame__area--top_center,scss/mixins/head_frame/_frame_canvas.scss
_frame_canvas,frame__area--top_left,scss/mixins/head_frame/_frame_canvas.scss
_frame_canvas,frame__area--top_right,scss/mixins/head_frame/_frame_canvas.scss
_frame_center,frame_center,scss/mixins/head_frame/_frame_center.scss
_frame_center,frame_center__area,scss/mixins/head_frame/_frame_center.scss
_frame_login,frame_login,scss/mixins/head_frame/_frame_login.scss
_frame_login,frame_login__area,scss/mixins/head_frame/_frame_login.scss
_frame_main,frame_main,scss/mixins/head_frame/_frame_main.scss
_frame_main,frame_main__area--base,scss/mixins/head_frame/_frame_main.scss
_frame_main,frame_main__area--bottom,scss/mixins/head_frame/_frame_main.scss
_frame_main,frame_main__area--bottom_center,scss/mixins/head_frame/_frame_main.scss
_frame_main,frame_main__area--bottom_left,scss/mixins/head_frame/_frame_main.scss
_frame_main,frame_main__area--bottom_right,scss/mixins/head_frame/_frame_main.scss
_frame_main,frame_main__area--center,scss/mixins/head_frame/_frame_main.scss
_frame_main,frame_main__area--flex,scss/mixins/head_frame/_frame_main.scss
_frame_main,frame_main__area--left,scss/mixins/head_frame/_frame_main.scss
_frame_main,frame_main__area--middle,scss/mixins/head_frame/_frame_main.scss
_frame_main,frame_main__area--middle_center,scss/mixins/head_frame/_frame_main.scss
_frame_main,frame_main__area--middle_left,scss/mixins/head_frame/_frame_main.scss
_frame_main,frame_main__area--middle_right,scss/mixins/head_frame/_frame_main.scss
_frame_main,frame_main__area--right,scss/mixins/head_frame/_frame_main.scss
_frame_main,frame_main__area--top,scss/mixins/head_frame/_frame_main.scss
_frame_main,frame_main__area--top_center,scss/mixins/head_frame/_frame_main.scss
_frame_main,frame_main__area--top_left,scss/mixins/head_frame/_frame_main.scss
_frame_main,frame_main__area--top_right,scss/mixins/head_frame/_frame_main.scss
_frame_main copy,frame_main,scss/mixins/head_frame/_frame_main copy.scss
_frame_main copy,frame_main__area--base,scss/mixins/head_frame/_frame_main copy.scss
_frame_main copy,frame_main__area--bottom,scss/mixins/head_frame/_frame_main copy.scss
_frame_main copy,frame_main__area--bottom_center,scss/mixins/head_frame/_frame_main copy.scss
_frame_main copy,frame_main__area--bottom_left,scss/mixins/head_frame/_frame_main copy.scss
_frame_main copy,frame_main__area--bottom_right,scss/mixins/head_frame/_frame_main copy.scss
_frame_main copy,frame_main__area--center,scss/mixins/head_frame/_frame_main copy.scss
_frame_main copy,frame_main__area--flex,scss/mixins/head_frame/_frame_main copy.scss
_frame_main copy,frame_main__area--left,scss/mixins/head_frame/_frame_main copy.scss
_frame_main copy,frame_main__area--middle,scss/mixins/head_frame/_frame_main copy.scss
_frame_main copy,frame_main__area--middle_center,scss/mixins/head_frame/_frame_main copy.scss
_frame_main copy,frame_main__area--middle_left,scss/mixins/head_frame/_frame_main copy.scss
_frame_main copy,frame_main__area--middle_right,scss/mixins/head_frame/_frame_main copy.scss
_frame_main copy,frame_main__area--right,scss/mixins/head_frame/_frame_main copy.scss
_frame_main copy,frame_main__area--top,scss/mixins/head_frame/_frame_main copy.scss
_frame_main copy,frame_main__area--top_center,scss/mixins/head_frame/_frame_main copy.scss
_frame_main copy,frame_main__area--top_left,scss/mixins/head_frame/_frame_main copy.scss
_frame_main copy,frame_main__area--top_right,scss/mixins/head_frame/_frame_main copy.scss
_gallery,gallery,scss/mixins/body_organisms/_gallery.scss
_gallery,gallery_border,scss/mixins/body_organisms/_gallery.scss
_gallery,gallery_image,scss/mixins/body_organisms/_gallery.scss
_gallery,gallery_image_img,scss/mixins/body_organisms/_gallery.scss
_gap_base,gap,scss/mixins/head_layout/spacing/_gap_base.scss
_gap_base,gap--col,scss/mixins/head_layout/spacing/_gap_base.scss
_gap_base,gap--row,scss/mixins/head_layout/spacing/_gap_base.scss
_gap_base,gap_set,scss/mixins/head_layout/spacing/_gap_base.scss
_gap_sizes,gap_00,scss/mixins/head_layout/spacing/_gap_sizes.scss
_gap_sizes,gap_01,scss/mixins/head_layout/spacing/_gap_sizes.scss
_gap_sizes,gap_02,scss/mixins/head_layout/spacing/_gap_sizes.scss
_gap_sizes,gap_03,scss/mixins/head_layout/spacing/_gap_sizes.scss
_gap_sizes,gap_04,scss/mixins/head_layout/spacing/_gap_sizes.scss
_gap_sizes,gap_05,scss/mixins/head_layout/spacing/_gap_sizes.scss
_gap_sizes,gap_06,scss/mixins/head_layout/spacing/_gap_sizes.scss
_gap_sizes,gap_07,scss/mixins/head_layout/spacing/_gap_sizes.scss
_gap_sizes,gap_08,scss/mixins/head_layout/spacing/_gap_sizes.scss
_gradient,bg--gradient,scss/mixins/utilities/_gradient.scss
_gradient,gradient--danger,scss/mixins/utilities/_gradient.scss
_gradient,gradient--info,scss/mixins/utilities/_gradient.scss
_gradient,gradient--primary,scss/mixins/utilities/_gradient.scss
_gradient,gradient--success,scss/mixins/utilities/_gradient.scss
_gradient,gradient--warning,scss/mixins/utilities/_gradient.scss
_graphic,graphic--base,scss/mixins/body_molecules/content/_graphic.scss
_graphic,graphic--elevate,scss/mixins/body_molecules/content/_graphic.scss
_graphic,graphic--elevate-responsive,scss/mixins/body_molecules/content/_graphic.scss
_graphic,graphic--no-margins,scss/mixins/body_molecules/content/_graphic.scss
_graphic,graphic-image--base,scss/mixins/body_molecules/content/_graphic.scss
_heading,heading_01,scss/mixins/soul_type/paragraph/_heading.scss
_heading,heading_01_caps,scss/mixins/soul_type/paragraph/_heading.scss
_heading,heading_02,scss/mixins/soul_type/paragraph/_heading.scss
_heading,heading_02_caps,scss/mixins/soul_type/paragraph/_heading.scss
_heading,heading_03,scss/mixins/soul_type/paragraph/_heading.scss
_heading,heading_03_caps,scss/mixins/soul_type/paragraph/_heading.scss
_heading,heading_04,scss/mixins/soul_type/paragraph/_heading.scss
_heading,heading_04_caps,scss/mixins/soul_type/paragraph/_heading.scss
_heading,heading_05,scss/mixins/soul_type/paragraph/_heading.scss
_heading,heading_05_caps,scss/mixins/soul_type/paragraph/_heading.scss
_heading,heading_06,scss/mixins/soul_type/paragraph/_heading.scss
_heading,heading_06_caps,scss/mixins/soul_type/paragraph/_heading.scss
_heading,heading_normal,scss/mixins/soul_type/paragraph/_heading.scss
_headline,headline_live-story,scss/mixins/body_organisms/_headline.scss
_headline,headline_live-story--has-lowertext,scss/mixins/body_organisms/_headline.scss
_headline,headline_live-story__byline-sub-text,scss/mixins/body_organisms/_headline.scss
_headline,headline_live-story__kicker-text,scss/mixins/body_organisms/_headline.scss
_headline,headline_live-story__kicker-url,scss/mixins/body_organisms/_headline.scss
_headline,headline_live-story__live-indicator-text,scss/mixins/body_organisms/_headline.scss
_headline,headline_live-story__options--has-more,scss/mixins/body_organisms/_headline.scss
_headline,headline_live-story__section-link,scss/mixins/body_organisms/_headline.scss
_headline,headline_live-story__sub-container,scss/mixins/body_organisms/_headline.scss
_headline,headline_live-story__sub-description,scss/mixins/body_organisms/_headline.scss
_headline,headline_live-story__sub-text,scss/mixins/body_organisms/_headline.scss
_headline,headline_live-story__teaser,scss/mixins/body_organisms/_headline.scss
_headline,headline_live-story__text,scss/mixins/body_organisms/_headline.scss
_hero,hero--buttons,scss/mixins/body_molecules/hero/_hero.scss
_hero,hero--color,scss/mixins/body_molecules/hero/_hero.scss
_hero,hero--height,scss/mixins/body_molecules/hero/_hero.scss
_hero,hero--size,scss/mixins/body_molecules/hero/_hero.scss
_hero,hero--video,scss/mixins/body_molecules/hero/_hero.scss
_hero,hero-image,scss/mixins/body_molecules/hero/_hero.scss
_hero,hero-text,scss/mixins/body_molecules/hero/_hero.scss
_icon_bar,icon_bar,scss/mixins/body_molecules/navigation/_icon_bar.scss
_icon_bar,icon_bar--horizontal,scss/mixins/body_molecules/navigation/_icon_bar.scss
_icon_bar,icon_bar--item,scss/mixins/body_molecules/navigation/_icon_bar.scss
_icon_bar,icon_bar--item-active,scss/mixins/body_molecules/navigation/_icon_bar.scss
_icon_bar,icon_bar--vertical,scss/mixins/body_molecules/navigation/_icon_bar.scss
_icon_link,icon_link,scss/mixins/utilities/_icon_link.scss
_image,image--base,scss/mixins/body_molecules/media/_image.scss
_image,image--border-bottom,scss/mixins/body_molecules/media/_image.scss
_image,image--cover,scss/mixins/body_atoms/media/_image.scss
_image,image--parallax,scss/mixins/body_atoms/media/_image.scss
_image,image__caption,scss/mixins/body_molecules/media/_image.scss
_image,image__container,scss/mixins/body_molecules/media/_image.scss
_image,image__credit,scss/mixins/body_molecules/media/_image.scss
_image,image__hide-placeholder,scss/mixins/body_molecules/media/_image.scss
_image,image__metadata,scss/mixins/body_molecules/media/_image.scss
_image,image__picture,scss/mixins/body_molecules/media/_image.scss
_image,image_fix--background,scss/mixins/body_atoms/media/_image.scss
_image,profile_identicon,scss/mixins/body_atoms/media/_image.scss
_image,vignette,scss/mixins/body_atoms/media/_image.scss
_image_slider,image__compare--base,scss/mixins/body_molecules/media/_image_slider.scss
_image_slider,slider--base,scss/mixins/body_molecules/media/_image_slider.scss
_input,checkbox--wrapper,scss/mixins/body_atoms/inputs/_input.scss
_input,input--base,scss/mixins/body_atoms/inputs/_input.scss
_input,input--base--form,scss/mixins/body_atoms/inputs/_input.scss
_input,input--base--inline,scss/mixins/body_atoms/inputs/_input.scss
_input,input--disabled,scss/mixins/body_atoms/inputs/_input.scss
_input,input--focus,scss/mixins/body_atoms/inputs/_input.scss
_input,input--hover,scss/mixins/body_atoms/inputs/_input.scss
_input,input--invalid,scss/mixins/body_atoms/inputs/_input.scss
_input,input--lg,scss/mixins/body_atoms/inputs/_input.scss
_input,input--md,scss/mixins/body_atoms/inputs/_input.scss
_input,input--readonly,scss/mixins/body_atoms/inputs/_input.scss
_input,input--size-lg,scss/mixins/body_atoms/inputs/_input.scss
_input,input--size-md,scss/mixins/body_atoms/inputs/_input.scss
_input,input--size-sm,scss/mixins/body_atoms/inputs/_input.scss
_input,input--sm,scss/mixins/body_atoms/inputs/_input.scss
_input,input--style--filled,scss/mixins/body_atoms/inputs/_input.scss
_input,input--style--rounded,scss/mixins/body_atoms/inputs/_input.scss
_input,input--style--straight,scss/mixins/body_atoms/inputs/_input.scss
_input,input--style--underline,scss/mixins/body_atoms/inputs/_input.scss
_input,input--valid,scss/mixins/body_atoms/inputs/_input.scss
_input,input--warning,scss/mixins/body_atoms/inputs/_input.scss
_input,input-addon,scss/mixins/body_atoms/inputs/_input.scss
_input,input-group--atom,scss/mixins/body_atoms/inputs/_input.scss
_input,radio--wrapper,scss/mixins/body_atoms/inputs/_input.scss
_input,textarea--no-resize,scss/mixins/body_atoms/inputs/_input.scss
_input,textarea--resize-both,scss/mixins/body_atoms/inputs/_input.scss
_input,textarea--resize-x,scss/mixins/body_atoms/inputs/_input.scss
_input_checkbox,checkbox,scss/mixins/body_atoms/inputs/_input_checkbox.scss
_input_checkbox,checkbox--square,scss/mixins/body_atoms/inputs/_input_checkbox.scss
_input_dropdown,dropdown--collapse,scss/mixins/body_atoms/inputs/_input_dropdown.scss
_input_dropdown,dropdown--container,scss/mixins/body_atoms/inputs/_input_dropdown.scss
_input_dropdown,dropdown--header,scss/mixins/body_atoms/inputs/_input_dropdown.scss
_input_dropdown,dropdown--menu,scss/mixins/body_atoms/inputs/_input_dropdown.scss
_input_dropdown,select_dropdown,scss/mixins/body_atoms/inputs/_input_dropdown.scss
_input_group,input_group,scss/mixins/body_molecules/forms/_input_group.scss
_input_group,input_group--borders,scss/mixins/body_molecules/forms/_input_group.scss
_input_group,input_group--buttons,scss/mixins/body_molecules/forms/_input_group.scss
_input_group,input_group--focus,scss/mixins/body_molecules/forms/_input_group.scss
_input_group,input_group--lg,scss/mixins/body_molecules/forms/_input_group.scss
_input_group,input_group--sm,scss/mixins/body_molecules/forms/_input_group.scss
_input_group,input_group__text,scss/mixins/body_molecules/forms/_input_group.scss
_input_label,label--base,scss/mixins/body_atoms/inputs/_input_label.scss
_input_label,label--hidden,scss/mixins/body_atoms/inputs/_input_label.scss
_input_label,label--lg,scss/mixins/body_atoms/inputs/_input_label.scss
_input_label,label--md,scss/mixins/body_atoms/inputs/_input_label.scss
_input_label,label--sm,scss/mixins/body_atoms/inputs/_input_label.scss
_input_list,input--list,scss/mixins/body_atoms/inputs/_input_list.scss
_input_placeholder,input_placeholder,scss/mixins/body_atoms/inputs/_input_placeholder.scss
_input_placeholder,input_placeholder_focus,scss/mixins/body_atoms/inputs/_input_placeholder.scss
_input_radio,input--radio,scss/mixins/body_atoms/inputs/_input_radio.scss
_input_radio,radio,scss/mixins/body_atoms/inputs/_input_radio.scss
_input_range,input--range,scss/mixins/body_atoms/inputs/_input_range.scss
_input_range,input--range--filled,scss/mixins/body_atoms/inputs/_input_range.scss
_input_searchbox,input--number-spin-buttons,scss/mixins/body_atoms/inputs/_input_searchbox.scss
_input_searchbox,input--search,scss/mixins/body_atoms/inputs/_input_searchbox.scss
_input_searchbox,input--search-decoration,scss/mixins/body_atoms/inputs/_input_searchbox.scss
_input_select,select,scss/mixins/body_atoms/inputs/_input_select.scss
_input_select,select--base,scss/mixins/body_atoms/inputs/_input_select.scss
_input_select,select--with-arrow,scss/mixins/body_atoms/inputs/_input_select.scss
_input_select,select__optgroup,scss/mixins/body_atoms/inputs/_input_select.scss
_input_select,select__option,scss/mixins/body_atoms/inputs/_input_select.scss
_input_state,input--state--disabled,scss/mixins/body_atoms/inputs/_input_state.scss
_input_state,input--state--focus,scss/mixins/body_atoms/inputs/_input_state.scss
_input_state,input--state--invalid,scss/mixins/body_atoms/inputs/_input_state.scss
_input_state,input--state--is_error,scss/mixins/body_atoms/inputs/_input_state.scss
_input_state,input--state--is_info,scss/mixins/body_atoms/inputs/_input_state.scss
_input_state,input--state--is_success,scss/mixins/body_atoms/inputs/_input_state.scss
_input_state,input--state--is_warning,scss/mixins/body_atoms/inputs/_input_state.scss
_input_state,input--state--optional,scss/mixins/body_atoms/inputs/_input_state.scss
_input_state,input--state--readonly,scss/mixins/body_atoms/inputs/_input_state.scss
_input_state,input--state--required,scss/mixins/body_atoms/inputs/_input_state.scss
_input_state,input--state--visible,scss/mixins/body_atoms/inputs/_input_state.scss
_input_toggle,toggle_panel,scss/mixins/body_atoms/inputs/_input_toggle.scss
_input_toggle,toggle_panel__body,scss/mixins/body_atoms/inputs/_input_toggle.scss
_input_toggle,toggle_panel__gap,scss/mixins/body_atoms/inputs/_input_toggle.scss
_input_toggle,toggle_panel__heading,scss/mixins/body_atoms/inputs/_input_toggle.scss
_input_toggle,toggle_panel__heading__icon,scss/mixins/body_atoms/inputs/_input_toggle.scss
_input_toggle,toggle_panel__title,scss/mixins/body_atoms/inputs/_input_toggle.scss
_input_toggle,toggle_panel__title--float,scss/mixins/body_atoms/inputs/_input_toggle.scss
_input_type_textarea,textarea--base,scss/mixins/body_atoms/inputs/_input_type_textarea.scss
_interface,cover_arrow--up,scss/mixins/body_organisms/_interface.scss
_interface,interface,scss/mixins/body_organisms/_interface.scss
_interface,interface_header,scss/mixins/body_organisms/_interface.scss
_justify_content,justify,scss/mixins/head_layout/position/_justify_content.scss
_justify_content,justify--around,scss/mixins/head_layout/position/_justify_content.scss
_justify_content,justify--between,scss/mixins/head_layout/position/_justify_content.scss
_justify_content,justify--center,scss/mixins/head_layout/position/_justify_content.scss
_justify_content,justify--end,scss/mixins/head_layout/position/_justify_content.scss
_justify_content,justify--evenly,scss/mixins/head_layout/position/_justify_content.scss
_justify_content,justify--start,scss/mixins/head_layout/position/_justify_content.scss
_justify_content,justify--stretch,scss/mixins/head_layout/position/_justify_content.scss
_layout,grid__frame--clean,scss/mixins/head_layout/grid/_layout.scss
_layout,grid__frame--flex,scss/mixins/head_layout/grid/_layout.scss
_layout,grid__frame--inline,scss/mixins/head_layout/grid/_layout.scss
_layout,grid__layout,scss/mixins/head_layout/grid/_layout.scss
_layout,layout--card-grid,scss/mixins/body_skeletons/_layout.scss
_layout,layout--holy-grail,scss/mixins/body_skeletons/_layout.scss
_layout,layout--masonry,scss/mixins/body_skeletons/_layout.scss
_layout,layout--split,scss/mixins/body_skeletons/_layout.scss
_layout,layout--three-column,scss/mixins/body_skeletons/_layout.scss
_layout,layout--two-column,scss/mixins/body_skeletons/_layout.scss
_list_base,li,scss/mixins/soul_type/list/_list_base.scss
_list_base,list,scss/mixins/soul_type/list/_list_base.scss
_list_base,list--custom-indicator,scss/mixins/soul_type/list/_list_base.scss
_list_base,list--nested,scss/mixins/soul_type/list/_list_base.scss
_list_base,list-base,scss/mixins/soul_type/list/_list_base.scss
_list_base,list-elevate,scss/mixins/soul_type/list/_list_base.scss
_list_base,list__item,scss/mixins/soul_type/list/_list_base.scss
_list_base,list__item-link,scss/mixins/soul_type/list/_list_base.scss
_list_base,list__item-link-active,scss/mixins/soul_type/list/_list_base.scss
_list_base,list__item-link-focus,scss/mixins/soul_type/list/_list_base.scss
_list_base,list__item-link-hover,scss/mixins/soul_type/list/_list_base.scss
_list_base,list__items,scss/mixins/soul_type/list/_list_base.scss
_list_base,list_live-story-link,scss/mixins/soul_type/list/_list_base.scss
_list_base,list_live-story-link-hover,scss/mixins/soul_type/list/_list_base.scss
_list_base,list_live-story__item,scss/mixins/soul_type/list/_list_base.scss
_list_base,list_live-story__items,scss/mixins/soul_type/list/_list_base.scss
_list_definition,dl,scss/mixins/soul_type/list/_list_definition.scss
_list_group,list_group,scss/mixins/body_molecules/navigation/_list_group.scss
_list_group,list_group--flush,scss/mixins/body_molecules/navigation/_list_group.scss
_list_group,list_group--horizontal,scss/mixins/body_molecules/navigation/_list_group.scss
_list_group,list_group--numbered,scss/mixins/body_molecules/navigation/_list_group.scss
_list_group,list_group__item,scss/mixins/body_molecules/navigation/_list_group.scss
_list_group,list_group__item--action,scss/mixins/body_molecules/navigation/_list_group.scss
_list_group,list_group__item--active,scss/mixins/body_molecules/navigation/_list_group.scss
_list_group,list_group__item--danger,scss/mixins/body_molecules/navigation/_list_group.scss
_list_group,list_group__item--disabled,scss/mixins/body_molecules/navigation/_list_group.scss
_list_group,list_group__item--info,scss/mixins/body_molecules/navigation/_list_group.scss
_list_group,list_group__item--primary,scss/mixins/body_molecules/navigation/_list_group.scss
_list_group,list_group__item--success,scss/mixins/body_molecules/navigation/_list_group.scss
_list_group,list_group__item--warning,scss/mixins/body_molecules/navigation/_list_group.scss
_list_group,list_group__item__heading,scss/mixins/body_molecules/navigation/_list_group.scss
_list_group,list_group__item__input,scss/mixins/body_molecules/navigation/_list_group.scss
_list_group,list_group__item__text,scss/mixins/body_molecules/navigation/_list_group.scss
_list_ordered,ol,scss/mixins/soul_type/list/_list_ordered.scss
_list_ordered,ol--custom-numbered,scss/mixins/soul_type/list/_list_ordered.scss
_list_style,custom-marker,scss/mixins/soul_type/list/_list_style.scss
_list_style,list_alpha_lower,scss/mixins/soul_type/list/_list_style.scss
_list_style,list_alpha_upper,scss/mixins/soul_type/list/_list_style.scss
_list_style,list_circle,scss/mixins/soul_type/list/_list_style.scss
_list_style,list_decimal,scss/mixins/soul_type/list/_list_style.scss
_list_style,list_decimal_cjk,scss/mixins/soul_type/list/_list_style.scss
_list_style,list_decimal_leading_zero,scss/mixins/soul_type/list/_list_style.scss
_list_style,list_disc,scss/mixins/soul_type/list/_list_style.scss
_list_style,list_greek_lower,scss/mixins/soul_type/list/_list_style.scss
_list_style,list_latin_lower,scss/mixins/soul_type/list/_list_style.scss
_list_style,list_latin_upper,scss/mixins/soul_type/list/_list_style.scss
_list_style,list_none,scss/mixins/soul_type/list/_list_style.scss
_list_style,list_roman_lower,scss/mixins/soul_type/list/_list_style.scss
_list_style,list_roman_upper,scss/mixins/soul_type/list/_list_style.scss
_list_style,list_square,scss/mixins/soul_type/list/_list_style.scss
_list_style,list_style_image,scss/mixins/soul_type/list/_list_style.scss
_list_style,list_style_position,scss/mixins/soul_type/list/_list_style.scss
_list_style,list_style_type,scss/mixins/soul_type/list/_list_style.scss
_list_unordered,ul,scss/mixins/soul_type/list/_list_unordered.scss
_list_unordered,ul--nested-list-style,scss/mixins/soul_type/list/_list_unordered.scss
_main_content,main_content,scss/mixins/head_content/_main_content.scss
_main_content,main_content_section_footer,scss/mixins/head_content/_main_content.scss
_main_content,main_content_section_header,scss/mixins/head_content/_main_content.scss
_main_content,main_content_section_main,scss/mixins/head_content/_main_content.scss
_main_content,main_footer,scss/mixins/head_content/_main_content.scss
_main_content,main_header,scss/mixins/head_content/_main_content.scss
_map,layer_control--base,scss/mixins/body_molecules/media/_map.scss
_map,map_canvas--base,scss/mixins/body_molecules/media/_map.scss
_margin,margin,scss/mixins/head_layout/spacing/_margin.scss
_margin,margin--auto,scss/mixins/head_layout/spacing/_margin.scss
_margin,margin--bottom,scss/mixins/head_layout/spacing/_margin.scss
_margin,margin--horizontal,scss/mixins/head_layout/spacing/_margin.scss
_margin,margin--left,scss/mixins/head_layout/spacing/_margin.scss
_margin,margin--left--auto,scss/mixins/head_layout/spacing/_margin.scss
_margin,margin--right,scss/mixins/head_layout/spacing/_margin.scss
_margin,margin--right--auto,scss/mixins/head_layout/spacing/_margin.scss
_margin,margin--top,scss/mixins/head_layout/spacing/_margin.scss
_margin,margin--vertical,scss/mixins/head_layout/spacing/_margin.scss
_margin,margin--x--auto,scss/mixins/head_layout/spacing/_margin.scss
_margin,margin--y--auto,scss/mixins/head_layout/spacing/_margin.scss
_modal,modal,scss/mixins/body_organisms/_modal.scss
_modal,modal--centered,scss/mixins/body_organisms/_modal.scss
_modal,modal--fade,scss/mixins/body_organisms/_modal.scss
_modal,modal--fullscreen,scss/mixins/body_organisms/_modal.scss
_modal,modal--lg,scss/mixins/body_organisms/_modal.scss
_modal,modal--md,scss/mixins/body_organisms/_modal.scss
_modal,modal--scale,scss/mixins/body_organisms/_modal.scss
_modal,modal--scrollable,scss/mixins/body_organisms/_modal.scss
_modal,modal--slide-bottom,scss/mixins/body_organisms/_modal.scss
_modal,modal--slide-top,scss/mixins/body_organisms/_modal.scss
_modal,modal--sm,scss/mixins/body_organisms/_modal.scss
_modal,modal--static,scss/mixins/body_organisms/_modal.scss
_modal,modal--xl,scss/mixins/body_organisms/_modal.scss
_modal,modal_backdrop,scss/mixins/body_organisms/_modal.scss
_modal,modal_content,scss/mixins/body_organisms/_modal.scss
_modal,modal_dialog,scss/mixins/body_organisms/_modal.scss
_modal,modal_fieldset,scss/mixins/body_organisms/_modal.scss
_modal,modal_footer,scss/mixins/body_organisms/_modal.scss
_modal,modal_form,scss/mixins/body_organisms/_modal.scss
_modal,modal_header,scss/mixins/body_organisms/_modal.scss
_negative_margin,m--n-01,scss/mixins/head_layout/spacing/_negative_margin.scss
_negative_margin,m--n-02,scss/mixins/head_layout/spacing/_negative_margin.scss
_negative_margin,m--n-04,scss/mixins/head_layout/spacing/_negative_margin.scss
_negative_margin,m--n-08,scss/mixins/head_layout/spacing/_negative_margin.scss
_negative_margin,mb--n-01,scss/mixins/head_layout/spacing/_negative_margin.scss
_negative_margin,mb--n-02,scss/mixins/head_layout/spacing/_negative_margin.scss
_negative_margin,mb--n-04,scss/mixins/head_layout/spacing/_negative_margin.scss
_negative_margin,mb--n-08,scss/mixins/head_layout/spacing/_negative_margin.scss
_negative_margin,me--n-01,scss/mixins/head_layout/spacing/_negative_margin.scss
_negative_margin,me--n-02,scss/mixins/head_layout/spacing/_negative_margin.scss
_negative_margin,me--n-04,scss/mixins/head_layout/spacing/_negative_margin.scss
_negative_margin,me--n-08,scss/mixins/head_layout/spacing/_negative_margin.scss
_negative_margin,ms--n-01,scss/mixins/head_layout/spacing/_negative_margin.scss
_negative_margin,ms--n-02,scss/mixins/head_layout/spacing/_negative_margin.scss
_negative_margin,ms--n-04,scss/mixins/head_layout/spacing/_negative_margin.scss
_negative_margin,ms--n-08,scss/mixins/head_layout/spacing/_negative_margin.scss
_negative_margin,mt--n-01,scss/mixins/head_layout/spacing/_negative_margin.scss
_negative_margin,mt--n-02,scss/mixins/head_layout/spacing/_negative_margin.scss
_negative_margin,mt--n-04,scss/mixins/head_layout/spacing/_negative_margin.scss
_negative_margin,mt--n-08,scss/mixins/head_layout/spacing/_negative_margin.scss
_object_fit,object-fit--contain,scss/mixins/head_layout/_object_fit.scss
_object_fit,object-fit--cover,scss/mixins/head_layout/_object_fit.scss
_object_fit,object-fit--fill,scss/mixins/head_layout/_object_fit.scss
_object_fit,object-fit--none,scss/mixins/head_layout/_object_fit.scss
_object_fit,object-fit--scale-down,scss/mixins/head_layout/_object_fit.scss
_object_fit,object-position--bottom,scss/mixins/head_layout/_object_fit.scss
_object_fit,object-position--center,scss/mixins/head_layout/_object_fit.scss
_object_fit,object-position--end,scss/mixins/head_layout/_object_fit.scss
_object_fit,object-position--start,scss/mixins/head_layout/_object_fit.scss
_object_fit,object-position--top,scss/mixins/head_layout/_object_fit.scss
_oblique,character--oblique,scss/mixins/soul_type/character/_oblique.scss
_oblique,character-oblique,scss/mixins/soul_type/character/_oblique.scss
_offcanvas,offcanvas--backdrop,scss/mixins/body_organisms/_offcanvas.scss
_offcanvas,offcanvas--base,scss/mixins/body_organisms/_offcanvas.scss
_offcanvas,offcanvas--body,scss/mixins/body_organisms/_offcanvas.scss
_offcanvas,offcanvas--bottom,scss/mixins/body_organisms/_offcanvas.scss
_offcanvas,offcanvas--close,scss/mixins/body_organisms/_offcanvas.scss
_offcanvas,offcanvas--dark,scss/mixins/body_organisms/_offcanvas.scss
_offcanvas,offcanvas--end,scss/mixins/body_organisms/_offcanvas.scss
_offcanvas,offcanvas--header,scss/mixins/body_organisms/_offcanvas.scss
_offcanvas,offcanvas--lg,scss/mixins/body_organisms/_offcanvas.scss
_offcanvas,offcanvas--responsive,scss/mixins/body_organisms/_offcanvas.scss
_offcanvas,offcanvas--sm,scss/mixins/body_organisms/_offcanvas.scss
_offcanvas,offcanvas--start,scss/mixins/body_organisms/_offcanvas.scss
_offcanvas,offcanvas--static,scss/mixins/body_organisms/_offcanvas.scss
_offcanvas,offcanvas--title,scss/mixins/body_organisms/_offcanvas.scss
_offcanvas,offcanvas--top,scss/mixins/body_organisms/_offcanvas.scss
_offcanvas,offcanvas--xl,scss/mixins/body_organisms/_offcanvas.scss
_order,order--0,scss/mixins/head_layout/position/_order.scss
_order,order--1,scss/mixins/head_layout/position/_order.scss
_order,order--2,scss/mixins/head_layout/position/_order.scss
_order,order--3,scss/mixins/head_layout/position/_order.scss
_order,order--4,scss/mixins/head_layout/position/_order.scss
_order,order--5,scss/mixins/head_layout/position/_order.scss
_order,order--first,scss/mixins/head_layout/position/_order.scss
_order,order--last,scss/mixins/head_layout/position/_order.scss
_overflow,overflow,scss/mixins/head_layout/overflow/_overflow.scss
_overflow,overflow-auto,scss/mixins/head_layout/overflow/_overflow.scss
_overflow,overflow-hidden,scss/mixins/head_layout/overflow/_overflow.scss
_overflow,overflow-hidden-visible,scss/mixins/head_layout/overflow/_overflow.scss
_overflow,overflow-scroll,scss/mixins/head_layout/overflow/_overflow.scss
_overflow,overflow-visible,scss/mixins/head_layout/overflow/_overflow.scss
_overflow,overflow_auto,scss/mixins/head_layout/overflow/_overflow.scss
_overflow,overflow_clip,scss/mixins/head_layout/overflow/_overflow.scss
_overflow,overflow_hidden,scss/mixins/head_layout/overflow/_overflow.scss
_overflow,overflow_important,scss/mixins/head_layout/overflow/_overflow.scss
_overflow,overflow_scroll,scss/mixins/head_layout/overflow/_overflow.scss
_overflow,overflow_visible,scss/mixins/head_layout/overflow/_overflow.scss
_overflow,overflow_x_auto,scss/mixins/head_layout/overflow/_overflow.scss
_overflow,overflow_x_hidden,scss/mixins/head_layout/overflow/_overflow.scss
_overflow,overflow_x_scroll,scss/mixins/head_layout/overflow/_overflow.scss
_overflow,overflow_x_visible,scss/mixins/head_layout/overflow/_overflow.scss
_overflow,overflow_y_auto,scss/mixins/head_layout/overflow/_overflow.scss
_overflow,overflow_y_hidden,scss/mixins/head_layout/overflow/_overflow.scss
_overflow,overflow_y_scroll,scss/mixins/head_layout/overflow/_overflow.scss
_overflow,overflow_y_visible,scss/mixins/head_layout/overflow/_overflow.scss
_overlay,overlay--absolute,scss/mixins/body_atoms/display/_overlay.scss
_overlay,overlay--base,scss/mixins/body_atoms/display/_overlay.scss
_overlay,overlay--dark,scss/mixins/body_atoms/display/_overlay.scss
_overlay,overlay--fixed,scss/mixins/body_atoms/display/_overlay.scss
_overlay,overlay--light,scss/mixins/body_atoms/display/_overlay.scss
_overlay,overlay--visible,scss/mixins/body_atoms/display/_overlay.scss
_overlay,overlay__container,scss/mixins/body_atoms/display/_overlay.scss
_padding,padding,scss/mixins/head_layout/spacing/_padding.scss
_padding,padding--bottom,scss/mixins/head_layout/spacing/_padding.scss
_padding,padding--horizontal,scss/mixins/head_layout/spacing/_padding.scss
_padding,padding--left,scss/mixins/head_layout/spacing/_padding.scss
_padding,padding--right,scss/mixins/head_layout/spacing/_padding.scss
_padding,padding--top,scss/mixins/head_layout/spacing/_padding.scss
_padding,padding--vertical,scss/mixins/head_layout/spacing/_padding.scss
_page,page--base,scss/mixins/body_skeletons/_page.scss
_page,page--centered,scss/mixins/body_skeletons/_page.scss
_page,page--dashboard,scss/mixins/body_skeletons/_page.scss
_page,page--fixed-header,scss/mixins/body_skeletons/_page.scss
_page,page--fullscreen,scss/mixins/body_skeletons/_page.scss
_page,page--sidebar,scss/mixins/body_skeletons/_page.scss
_pagination,pagination--base,scss/mixins/body_molecules/navigation/_pagination.scss
_pagination,pagination--center,scss/mixins/body_molecules/navigation/_pagination.scss
_pagination,pagination--horizontal,scss/mixins/body_molecules/navigation/_pagination.scss
_pagination,pagination--left,scss/mixins/body_molecules/navigation/_pagination.scss
_pagination,pagination--neighbor,scss/mixins/body_molecules/navigation/_pagination.scss
_pagination,pagination--right,scss/mixins/body_molecules/navigation/_pagination.scss
_paper,page,scss/mixins/head_layout/paper/_paper.scss
_paper,page--contained,scss/mixins/head_layout/paper/_paper.scss
_paper,page--full,scss/mixins/head_layout/paper/_paper.scss
_paper,q-page,scss/mixins/head_layout/paper/_paper.scss
_place,place--items,scss/mixins/head_layout/position/_place.scss
_placeholder,placeholder,scss/mixins/body_molecules/preloader/_placeholder.scss
_placeholder,placeholder--base,scss/mixins/body_molecules/media/_placeholder.scss
_placeholder,placeholder--button,scss/mixins/body_molecules/preloader/_placeholder.scss
_placeholder,placeholder--danger,scss/mixins/body_molecules/preloader/_placeholder.scss
_placeholder,placeholder--dark,scss/mixins/body_molecules/preloader/_placeholder.scss
_placeholder,placeholder--glow,scss/mixins/body_molecules/preloader/_placeholder.scss
_placeholder,placeholder--info,scss/mixins/body_molecules/preloader/_placeholder.scss
_placeholder,placeholder--lg,scss/mixins/body_molecules/media/_placeholder.scss
_placeholder,placeholder--light,scss/mixins/body_molecules/preloader/_placeholder.scss
_placeholder,placeholder--primary,scss/mixins/body_molecules/preloader/_placeholder.scss
_placeholder,placeholder--secondary,scss/mixins/body_molecules/preloader/_placeholder.scss
_placeholder,placeholder--sm,scss/mixins/body_molecules/media/_placeholder.scss
_placeholder,placeholder--success,scss/mixins/body_molecules/preloader/_placeholder.scss
_placeholder,placeholder--w-100,scss/mixins/body_molecules/preloader/_placeholder.scss
_placeholder,placeholder--w-25,scss/mixins/body_molecules/preloader/_placeholder.scss
_placeholder,placeholder--w-50,scss/mixins/body_molecules/preloader/_placeholder.scss
_placeholder,placeholder--w-75,scss/mixins/body_molecules/preloader/_placeholder.scss
_placeholder,placeholder--warning,scss/mixins/body_molecules/preloader/_placeholder.scss
_placeholder,placeholder--wave,scss/mixins/body_molecules/preloader/_placeholder.scss
_placeholder,placeholder--xs,scss/mixins/body_molecules/media/_placeholder.scss
_pointer_events,pointer-events--auto,scss/mixins/utilities/_pointer_events.scss
_pointer_events,pointer-events--none,scss/mixins/utilities/_pointer_events.scss
_popover,popover--arrow,scss/mixins/body_atoms/display/_popover.scss
_popover,popover--base,scss/mixins/body_atoms/display/_popover.scss
_popover,popover--body,scss/mixins/body_atoms/display/_popover.scss
_popover,popover--bottom,scss/mixins/body_atoms/display/_popover.scss
_popover,popover--dark,scss/mixins/body_atoms/display/_popover.scss
_popover,popover--end,scss/mixins/body_atoms/display/_popover.scss
_popover,popover--header,scss/mixins/body_atoms/display/_popover.scss
_popover,popover--no-arrow,scss/mixins/body_atoms/display/_popover.scss
_popover,popover--start,scss/mixins/body_atoms/display/_popover.scss
_popover,popover--top,scss/mixins/body_atoms/display/_popover.scss
_portfolio,portfolio--base,scss/mixins/body_molecules/media/_portfolio.scss
_preformatted,paragraph_code,scss/mixins/soul_type/paragraph/_preformatted.scss
_preloader_base,preloader,scss/mixins/body_molecules/preloader/_preloader_base.scss
_preloader_base,preloader_hidden,scss/mixins/body_molecules/preloader/_preloader_base.scss
_preloader_lines,preloader_line,scss/mixins/body_molecules/preloader/_preloader_lines.scss
_preloader_lines,preloader_line_1,scss/mixins/body_molecules/preloader/_preloader_lines.scss
_preloader_lines,preloader_line_2,scss/mixins/body_molecules/preloader/_preloader_lines.scss
_preloader_lines,preloader_line_3,scss/mixins/body_molecules/preloader/_preloader_lines.scss
_preloader_lines,preloader_line_4,scss/mixins/body_molecules/preloader/_preloader_lines.scss
_preloader_lines,preloader_line_5,scss/mixins/body_molecules/preloader/_preloader_lines.scss
_preloader_lines,preloader_lines,scss/mixins/body_molecules/preloader/_preloader_lines.scss
_preloader_pulse,preloader_pulse,scss/mixins/body_molecules/preloader/_preloader_pulse.scss
_preview,grid--placeholder,scss/mixins/body_molecules/media/_preview.scss
_preview,preview_box,scss/mixins/body_molecules/media/_preview.scss
_preview,preview_box--horizontal,scss/mixins/body_molecules/media/_preview.scss
_preview,preview_box--horizontal__code,scss/mixins/body_molecules/media/_preview.scss
_preview,preview_box--horizontal__live,scss/mixins/body_molecules/media/_preview.scss
_preview,preview_box--vertical,scss/mixins/body_molecules/media/_preview.scss
_preview,preview_box__code,scss/mixins/body_molecules/media/_preview.scss
_preview,preview_box__copy_button,scss/mixins/body_molecules/media/_preview.scss
_preview,preview_box__element,scss/mixins/body_molecules/media/_preview.scss
_preview,preview_box__info,scss/mixins/body_molecules/media/_preview.scss
_preview,preview_box__info--styled,scss/mixins/body_molecules/media/_preview.scss
_preview,preview_box__live,scss/mixins/body_molecules/media/_preview.scss
_preview,preview_box__swatch,scss/mixins/body_molecules/media/_preview.scss
_preview,preview_box__swatch__code,scss/mixins/body_molecules/media/_preview.scss
_preview,preview_box__swatch__color,scss/mixins/body_molecules/media/_preview.scss
_preview,preview_grid,scss/mixins/body_molecules/media/_preview.scss
_print,d--print-block,scss/mixins/utilities/_print.scss
_print,d--print-flex,scss/mixins/utilities/_print.scss
_print,d--print-grid,scss/mixins/utilities/_print.scss
_print,d--print-inline,scss/mixins/utilities/_print.scss
_print,d--print-inline-block,scss/mixins/utilities/_print.scss
_print,d--print-inline-flex,scss/mixins/utilities/_print.scss
_print,d--print-none,scss/mixins/utilities/_print.scss
_print,d--print-table,scss/mixins/utilities/_print.scss
_print,d--print-table-cell,scss/mixins/utilities/_print.scss
_print,d--print-table-row,scss/mixins/utilities/_print.scss
_quote_block,paragraph_quote_block,scss/mixins/soul_type/paragraph/_quote_block.scss
_quote_pull,pull-quote,scss/mixins/soul_type/paragraph/_quote_pull.scss
_quote_pull,pull-quote-elevate,scss/mixins/soul_type/paragraph/_quote_pull.scss
_quote_pull,pull-quote-elevate__attribution,scss/mixins/soul_type/paragraph/_quote_pull.scss
_quote_pull,pull-quote-elevate__text,scss/mixins/soul_type/paragraph/_quote_pull.scss
_quote_pull,pull-quote__attribution,scss/mixins/soul_type/paragraph/_quote_pull.scss
_quote_pull,pull-quote__icon,scss/mixins/soul_type/paragraph/_quote_pull.scss
_quote_pull,pull-quote__text,scss/mixins/soul_type/paragraph/_quote_pull.scss
_quote_pull,pull-quote__text-link,scss/mixins/soul_type/paragraph/_quote_pull.scss
_quote_pull,pull-quote__text-link-hover,scss/mixins/soul_type/paragraph/_quote_pull.scss
_quote_pull,pull-quote_block-quote,scss/mixins/soul_type/paragraph/_quote_pull.scss
_quote_pull,pull-quote_block-quote-elevate,scss/mixins/soul_type/paragraph/_quote_pull.scss
_quote_pull,pull-quote_block-quote-elevate__text,scss/mixins/soul_type/paragraph/_quote_pull.scss
_quote_pull,pull-quote_block-quote__text,scss/mixins/soul_type/paragraph/_quote_pull.scss
_quote_pull,pull-quote_block-quote__text-link,scss/mixins/soul_type/paragraph/_quote_pull.scss
_quote_pull,pull-quote_block-quote__text-link-hover,scss/mixins/soul_type/paragraph/_quote_pull.scss
_quote_pull,pull-quote_full-width,scss/mixins/soul_type/paragraph/_quote_pull.scss
_quote_pull,pull-quote_full-width__attribution,scss/mixins/soul_type/paragraph/_quote_pull.scss
_quote_pull,pull-quote_full-width__icon,scss/mixins/soul_type/paragraph/_quote_pull.scss
_quote_pull,pull-quote_full-width__text,scss/mixins/soul_type/paragraph/_quote_pull.scss
_rail,rail--base,scss/mixins/body_organisms/_rail.scss
_rail,rail--bottom,scss/mixins/body_organisms/_rail.scss
_rail,rail--horizontal,scss/mixins/body_organisms/_rail.scss
_rail,rail--inverted,scss/mixins/body_organisms/_rail.scss
_rail,rail--top,scss/mixins/body_organisms/_rail.scss
_rail,rail--vertical,scss/mixins/body_organisms/_rail.scss
_rail,rail_base,scss/mixins/body_organisms/_rail.scss
_ratio,ratio,scss/mixins/utilities/_ratio.scss
_ratio,ratio--16x9,scss/mixins/utilities/_ratio.scss
_ratio,ratio--1x1,scss/mixins/utilities/_ratio.scss
_ratio,ratio--21x9,scss/mixins/utilities/_ratio.scss
_ratio,ratio--4x3,scss/mixins/utilities/_ratio.scss
_ratio,ratio--custom,scss/mixins/utilities/_ratio.scss
_responsive,hide-above,scss/mixins/head_layout/display/_responsive.scss
_responsive,hide-below,scss/mixins/head_layout/display/_responsive.scss
_responsive,responsive-display,scss/mixins/head_layout/display/_responsive.scss
_responsive,show-between,scss/mixins/head_layout/display/_responsive.scss
_ribbon_base,ribbon--bottom,scss/mixins/body_organisms/ribbon/_ribbon_base.scss
_ribbon_base,ribbon--horizontal,scss/mixins/body_organisms/ribbon/_ribbon_base.scss
_ribbon_base,ribbon--inverted,scss/mixins/body_organisms/ribbon/_ribbon_base.scss
_ribbon_base,ribbon--left,scss/mixins/body_organisms/ribbon/_ribbon_base.scss
_ribbon_base,ribbon--right,scss/mixins/body_organisms/ribbon/_ribbon_base.scss
_ribbon_base,ribbon--top,scss/mixins/body_organisms/ribbon/_ribbon_base.scss
_ribbon_base,ribbon--vertical,scss/mixins/body_organisms/ribbon/_ribbon_base.scss
_ribbon_base,ribbon_base,scss/mixins/body_organisms/ribbon/_ribbon_base.scss
_ribbon_button,ribbon__button,scss/mixins/body_organisms/ribbon/_ribbon_button.scss
_ribbon_menu,app_launcher_indicator,scss/mixins/body_organisms/ribbon/_ribbon_menu.scss
_ribbon_menu,ribbon__menu,scss/mixins/body_organisms/ribbon/_ribbon_menu.scss
_ribbon_menu,ribbon__menu__item,scss/mixins/body_organisms/ribbon/_ribbon_menu.scss
_ribbon_nav,ribbon__nav,scss/mixins/body_organisms/ribbon/_ribbon_nav.scss
_ribbon_nav,ribbon__nav__list,scss/mixins/body_organisms/ribbon/_ribbon_nav.scss
_ribbon_nav,ribbon__nav__list__item,scss/mixins/body_organisms/ribbon/_ribbon_nav.scss
_ribbon_nav,ribbon__nav__list__item--in-ribbon,scss/mixins/body_organisms/ribbon/_ribbon_nav.scss
_ribbon_nav,ribbon__nav__list__item__text,scss/mixins/body_organisms/ribbon/_ribbon_nav.scss
_ribbon_nav,ribbon__nav_button,scss/mixins/body_organisms/ribbon/_ribbon_nav.scss
_ribbon_panel,details_base,scss/mixins/body_organisms/ribbon/_ribbon_panel.scss
_ribbon_panel,details_open_summary,scss/mixins/body_organisms/ribbon/_ribbon_panel.scss
_ribbon_panel,ribbon_launcher_item_icon,scss/mixins/body_organisms/ribbon/_ribbon_panel.scss
_ribbon_panel,ribbon_panel,scss/mixins/body_organisms/ribbon/_ribbon_panel.scss
_ribbon_panel,ribbon_panel--center,scss/mixins/body_organisms/ribbon/_ribbon_panel.scss
_ribbon_panel,ribbon_panel--left,scss/mixins/body_organisms/ribbon/_ribbon_panel.scss
_ribbon_panel,ribbon_panel--right,scss/mixins/body_organisms/ribbon/_ribbon_panel.scss
_ribbon_panel,ribbon_panel_header,scss/mixins/body_organisms/ribbon/_ribbon_panel.scss
_ribbon_panel,ribbon_panel_icon_grid,scss/mixins/body_organisms/ribbon/_ribbon_panel.scss
_ribbon_panel,ribbon_panel_item_base,scss/mixins/body_organisms/ribbon/_ribbon_panel.scss
_ribbon_panel,ribbon_panel_line,scss/mixins/body_organisms/ribbon/_ribbon_panel.scss
_ribbon_panel,ribbon_panel_section,scss/mixins/body_organisms/ribbon/_ribbon_panel.scss
_ribbon_panel,ribbon_panel_section_header,scss/mixins/body_organisms/ribbon/_ribbon_panel.scss
_ribbon_panel,ribbon_panel_section_item,scss/mixins/body_organisms/ribbon/_ribbon_panel.scss
_ribbon_search,ribbon__search__form,scss/mixins/body_organisms/ribbon/_ribbon_search.scss
_ribbon_search,ribbon__search_button,scss/mixins/body_organisms/ribbon/_ribbon_search.scss
_ribbon_slot,ribbon__slot--base,scss/mixins/body_organisms/ribbon/_ribbon_slot.scss
_ribbon_slot,ribbon__slot--horizontal,scss/mixins/body_organisms/ribbon/_ribbon_slot.scss
_ribbon_slot,ribbon__slot--horizontal_center,scss/mixins/body_organisms/ribbon/_ribbon_slot.scss
_ribbon_slot,ribbon__slot--horizontal_left,scss/mixins/body_organisms/ribbon/_ribbon_slot.scss
_ribbon_slot,ribbon__slot--horizontal_right,scss/mixins/body_organisms/ribbon/_ribbon_slot.scss
_ribbon_slot,ribbon__slot--vertical,scss/mixins/body_organisms/ribbon/_ribbon_slot.scss
_ribbon_slot,ribbon__slot--vertical_bottom,scss/mixins/body_organisms/ribbon/_ribbon_slot.scss
_ribbon_slot,ribbon__slot--vertical_center,scss/mixins/body_organisms/ribbon/_ribbon_slot.scss
_ribbon_slot,ribbon__slot--vertical_top,scss/mixins/body_organisms/ribbon/_ribbon_slot.scss
_ribbon_title,ribbon__title,scss/mixins/body_organisms/ribbon/_ribbon_title.scss
_ribbon_title,ribbon__title__image,scss/mixins/body_organisms/ribbon/_ribbon_title.scss
_ribbon_title,ribbon__title__logo,scss/mixins/body_organisms/ribbon/_ribbon_title.scss
_ribbon_title,ribbon__title__logo--icon,scss/mixins/body_organisms/ribbon/_ribbon_title.scss
_ribbon_title,ribbon__title__text,scss/mixins/body_organisms/ribbon/_ribbon_title.scss
_rule,divider-full,scss/mixins/soul_line/_rule.scss
_rule,hr--accent,scss/mixins/soul_line/_rule.scss
_rule,hr--accent-secondary,scss/mixins/soul_line/_rule.scss
_rule,hr--base,scss/mixins/soul_line/_rule.scss
_rule,hr--colored,scss/mixins/soul_line/_rule.scss
_rule,hr--compact,scss/mixins/soul_line/_rule.scss
_rule,hr--dashed,scss/mixins/soul_line/_rule.scss
_rule,hr--dotted,scss/mixins/soul_line/_rule.scss
_rule,hr--double,scss/mixins/soul_line/_rule.scss
_rule,hr--faded,scss/mixins/soul_line/_rule.scss
_rule,hr--flush,scss/mixins/soul_line/_rule.scss
_rule,hr--gradient,scss/mixins/soul_line/_rule.scss
_rule,hr--gradient-accent,scss/mixins/soul_line/_rule.scss
_rule,hr--responsive,scss/mixins/soul_line/_rule.scss
_rule,hr--spacious,scss/mixins/soul_line/_rule.scss
_rule,hr--subtle,scss/mixins/soul_line/_rule.scss
_rule,hr--thick,scss/mixins/soul_line/_rule.scss
_rule,line_footer,scss/mixins/soul_line/_rule.scss
_rule,line_main,scss/mixins/soul_line/_rule.scss
_rule,separator-line-horizontal-full,scss/mixins/soul_line/_rule.scss
_rule,separator-line-horizontal-medium-light,scss/mixins/soul_line/_rule.scss
_rule,separator-line-horizontal-medium-light2,scss/mixins/soul_line/_rule.scss
_rule,separator-line-horizontal-medium-light3,scss/mixins/soul_line/_rule.scss
_rule,separator-line-horizontal-medium-thick,scss/mixins/soul_line/_rule.scss
_rule,separator-line-verticle-extra-large,scss/mixins/soul_line/_rule.scss
_rule,separator-line-verticle-extra-large2,scss/mixins/soul_line/_rule.scss
_rule,separator-line-verticle-extra-small,scss/mixins/soul_line/_rule.scss
_rule,separator-line-verticle-large,scss/mixins/soul_line/_rule.scss
_rule,separator-line-verticle-large-thick,scss/mixins/soul_line/_rule.scss
_rule,separator-line-verticle-medium-thick-full,scss/mixins/soul_line/_rule.scss
_rule,separator-line-verticle-small,scss/mixins/soul_line/_rule.scss
_rule,separator-line-verticle-small-thick,scss/mixins/soul_line/_rule.scss
_rule,separator-line-verticle-small-thick2,scss/mixins/soul_line/_rule.scss
_scrollspy,scroll-padding,scss/mixins/body_molecules/navigation/_scrollspy.scss
_scrollspy,scroll-progress--bar,scss/mixins/body_molecules/navigation/_scrollspy.scss
_scrollspy,scroll-progress--dots,scss/mixins/body_molecules/navigation/_scrollspy.scss
_scrollspy,scrollspy--container,scss/mixins/body_molecules/navigation/_scrollspy.scss
_scrollspy,scrollspy--list-nav,scss/mixins/body_molecules/navigation/_scrollspy.scss
_scrollspy,scrollspy--nav,scss/mixins/body_molecules/navigation/_scrollspy.scss
_scrollspy,scrollspy--nested,scss/mixins/body_molecules/navigation/_scrollspy.scss
_scrollspy,smooth-scroll,scss/mixins/body_molecules/navigation/_scrollspy.scss
_semantic_abbreviation,abbreviation_base,scss/mixins/soul_type/character/_semantic_abbreviation.scss
_semantic_abbreviation,abbreviation_tooltip,scss/mixins/soul_type/character/_semantic_abbreviation.scss
_semantic_abbreviation,abbreviation_touchscreen,scss/mixins/soul_type/character/_semantic_abbreviation.scss
_semantic_code,character--code,scss/mixins/soul_type/character/_semantic_code.scss
_semantic_dropcap,dropcap,scss/mixins/soul_type/character/_semantic_dropcap.scss
_semantic_dropcap,dropcap__base,scss/mixins/soul_type/character/_semantic_dropcap.scss
_semantic_dropcap,dropcap__block,scss/mixins/soul_type/character/_semantic_dropcap.scss
_semantic_dropcap,dropcap__block-round,scss/mixins/soul_type/character/_semantic_dropcap.scss
_semantic_dropcap,dropcap__block__class,scss/mixins/soul_type/character/_semantic_dropcap.scss
_semantic_dropcap,dropcap__block__rounded,scss/mixins/soul_type/character/_semantic_dropcap.scss
_semantic_dropcap,dropcap__circular,scss/mixins/soul_type/character/_semantic_dropcap.scss
_semantic_dropcap,dropcap__round,scss/mixins/soul_type/character/_semantic_dropcap.scss
_semantic_dropcap,dropcap__standard,scss/mixins/soul_type/character/_semantic_dropcap.scss
_semantic_dropcap,dropcap__style,scss/mixins/soul_type/character/_semantic_dropcap.scss
_semantic_dropcap,dropcap__underline__large,scss/mixins/soul_type/character/_semantic_dropcap.scss
_semantic_dropcap,dropcap_large,scss/mixins/soul_type/character/_semantic_dropcap.scss
_semantic_hyperlink,character--hyperlink--base,scss/mixins/soul_type/character/_semantic_hyperlink.scss
_semantic_hyperlink,character--hyperlink--clean,scss/mixins/soul_type/character/_semantic_hyperlink.scss
_semantic_hyperlink,character--hyperlink--line,scss/mixins/soul_type/character/_semantic_hyperlink.scss
_semantic_hyperlink,character--hyperlink--line_alt,scss/mixins/soul_type/character/_semantic_hyperlink.scss
_semantic_hyperlink,character--hyperlink--normal,scss/mixins/soul_type/character/_semantic_hyperlink.scss
_semantic_lined,character--line,scss/mixins/soul_type/character/_semantic_lined.scss
_semantic_lined,character--line--over,scss/mixins/soul_type/character/_semantic_lined.scss
_semantic_lined,character--line--over,scss/mixins/soul_type/character/_semantic_lined.scss
_semantic_lined,character--line--over_alt,scss/mixins/soul_type/character/_semantic_lined.scss
_semantic_lined,character--line--over_alt,scss/mixins/soul_type/character/_semantic_lined.scss
_semantic_lined,character--line--through,scss/mixins/soul_type/character/_semantic_lined.scss
_semantic_lined,character--line--through,scss/mixins/soul_type/character/_semantic_lined.scss
_semantic_lined,character--line--through_alt,scss/mixins/soul_type/character/_semantic_lined.scss
_semantic_lined,character--line--through_alt,scss/mixins/soul_type/character/_semantic_lined.scss
_semantic_lined,character--line--under,scss/mixins/soul_type/character/_semantic_lined.scss
_semantic_lined,character--line--under,scss/mixins/soul_type/character/_semantic_lined.scss
_semantic_lined,character--line--under_alt,scss/mixins/soul_type/character/_semantic_lined.scss
_semantic_lined,character--line--under_alt,scss/mixins/soul_type/character/_semantic_lined.scss
_semantic_lined,character--line_alt,scss/mixins/soul_type/character/_semantic_lined.scss
_semantic_lined,text_decoration_advanced,scss/mixins/soul_type/character/_semantic_lined.scss
_semantic_lined,text_decoration_base,scss/mixins/soul_type/character/_semantic_lined.scss
_semantic_mark,mark_style,scss/mixins/soul_type/character/_semantic_mark.scss
_semantic_quote,character--quote_base,scss/mixins/soul_type/character/_semantic_quote.scss
_semantic_quote,character--quote_inline,scss/mixins/soul_type/character/_semantic_quote.scss
_semantic_quote,character--quote_symbols,scss/mixins/soul_type/character/_semantic_quote.scss
_shape_corner,object--corner,scss/mixins/soul_object/_shape_corner.scss
_shape_corner,object--corner--0,scss/mixins/soul_object/_shape_corner.scss
_shape_corner,object--corner--100,scss/mixins/soul_object/_shape_corner.scss
_shape_corner,object--corner--50,scss/mixins/soul_object/_shape_corner.scss
_shape_corner,object--corner--bottom,scss/mixins/soul_object/_shape_corner.scss
_shape_corner,object--corner--bottom-end,scss/mixins/soul_object/_shape_corner.scss
_shape_corner,object--corner--bottom-start,scss/mixins/soul_object/_shape_corner.scss
_shape_corner,object--corner--custom,scss/mixins/soul_object/_shape_corner.scss
_shape_corner,object--corner--end,scss/mixins/soul_object/_shape_corner.scss
_shape_corner,object--corner--pill,scss/mixins/soul_object/_shape_corner.scss
_shape_corner,object--corner--radius,scss/mixins/soul_object/_shape_corner.scss
_shape_corner,object--corner--rounded,scss/mixins/soul_object/_shape_corner.scss
_shape_corner,object--corner--squared,scss/mixins/soul_object/_shape_corner.scss
_shape_corner,object--corner--start,scss/mixins/soul_object/_shape_corner.scss
_shape_corner,object--corner--top,scss/mixins/soul_object/_shape_corner.scss
_shape_corner,object--corner--top-end,scss/mixins/soul_object/_shape_corner.scss
_shape_corner,object--corner--top-start,scss/mixins/soul_object/_shape_corner.scss
_sidebar,sidebar--base,scss/mixins/body_organisms/_sidebar.scss
_sidebar,sidebar--left,scss/mixins/body_organisms/_sidebar.scss
_sidebar,sidebar--right,scss/mixins/body_organisms/_sidebar.scss
_sidebar,sidebar__control,scss/mixins/body_organisms/_sidebar.scss
_sidebar,sidebar__menu,scss/mixins/body_organisms/_sidebar.scss
_sidebar_section,sidebar__accordion,scss/mixins/head_content/_sidebar_section.scss
_sidebar_section,sidebar__accordion--nested,scss/mixins/head_content/_sidebar_section.scss
_sidebar_section,sidebar__accordion__content,scss/mixins/head_content/_sidebar_section.scss
_sidebar_section,sidebar__accordion__header,scss/mixins/head_content/_sidebar_section.scss
_sidebar_section,sidebar__accordion__header--nested,scss/mixins/head_content/_sidebar_section.scss
_sidebar_section,sidebar__accordion__icon,scss/mixins/head_content/_sidebar_section.scss
_sidebar_section,sidebar__content,scss/mixins/head_content/_sidebar_section.scss
_sidebar_section,sidebar__list,scss/mixins/head_content/_sidebar_section.scss
_sidebar_section,sidebar__list-link,scss/mixins/head_content/_sidebar_section.scss
_sidebar_section,sidebar__list-meta,scss/mixins/head_content/_sidebar_section.scss
_sidebar_section,sidebar__search-input,scss/mixins/head_content/_sidebar_section.scss
_sidebar_section,sidebar__section,scss/mixins/head_content/_sidebar_section.scss
_sidebar_section,sidebar__section-header,scss/mixins/head_content/_sidebar_section.scss
_sidebar_section,sidebar__subsection-header,scss/mixins/head_content/_sidebar_section.scss
_sidebar_section,sidebar__subsection__description,scss/mixins/head_content/_sidebar_section.scss
_sidebar_section,sidebar__subsection__list,scss/mixins/head_content/_sidebar_section.scss
_size,grid--size--col,scss/mixins/head_layout/grid/_size.scss
_size,grid--size--col--auto,scss/mixins/head_layout/grid/_size.scss
_size,grid--size--col--auto-fill,scss/mixins/head_layout/grid/_size.scss
_size,grid--size--col--auto-fit,scss/mixins/head_layout/grid/_size.scss
_size,grid--size--row,scss/mixins/head_layout/grid/_size.scss
_size,grid--size--row--auto,scss/mixins/head_layout/grid/_size.scss
_size,grid--size--row--max,scss/mixins/head_layout/grid/_size.scss
_size,grid--size--row--min,scss/mixins/head_layout/grid/_size.scss
_size,sizing--border,scss/mixins/soul_object/_size.scss
_size,sizing--content,scss/mixins/soul_object/_size.scss
_size,sizing--padding,scss/mixins/soul_object/_size.scss
_size_height,object--height,scss/mixins/soul_object/_size_height.scss
_size_height,object--height--fixed,scss/mixins/soul_object/_size_height.scss
_size_height,object--height--full_height,scss/mixins/soul_object/_size_height.scss
_size_height,object--height--full_height--max,scss/mixins/soul_object/_size_height.scss
_size_height,object--height--full_height--min,scss/mixins/soul_object/_size_height.scss
_size_height,object--height--full_screen,scss/mixins/soul_object/_size_height.scss
_size_height,object--height--full_screen--max,scss/mixins/soul_object/_size_height.scss
_size_height,object--height--full_screen--min,scss/mixins/soul_object/_size_height.scss
_size_height,object--height--max,scss/mixins/soul_object/_size_height.scss
_size_height,object--height--min,scss/mixins/soul_object/_size_height.scss
_size_width,object--width,scss/mixins/soul_object/_size_width.scss
_size_width,object--width--fixed,scss/mixins/soul_object/_size_width.scss
_size_width,object--width--full_screen,scss/mixins/soul_object/_size_width.scss
_size_width,object--width--full_screen--max,scss/mixins/soul_object/_size_width.scss
_size_width,object--width--full_screen--min,scss/mixins/soul_object/_size_width.scss
_size_width,object--width--full_width,scss/mixins/soul_object/_size_width.scss
_size_width,object--width--full_width--max,scss/mixins/soul_object/_size_width.scss
_size_width,object--width--full_width--min,scss/mixins/soul_object/_size_width.scss
_size_width,object--width--max,scss/mixins/soul_object/_size_width.scss
_size_width,object--width--min,scss/mixins/soul_object/_size_width.scss
_spacer,spacer_divider,scss/mixins/body_atoms/layout/_spacer.scss
_spacer,spacer_divider--vertical,scss/mixins/body_atoms/layout/_spacer.scss
_spacer,spacer_flex,scss/mixins/body_atoms/layout/_spacer.scss
_spacer,spacer_horizontal,scss/mixins/body_atoms/layout/_spacer.scss
_spacer,spacer_horizontal--2xl,scss/mixins/body_atoms/layout/_spacer.scss
_spacer,spacer_horizontal--3xl,scss/mixins/body_atoms/layout/_spacer.scss
_spacer,spacer_horizontal--default,scss/mixins/body_atoms/layout/_spacer.scss
_spacer,spacer_horizontal--lg,scss/mixins/body_atoms/layout/_spacer.scss
_spacer,spacer_horizontal--md,scss/mixins/body_atoms/layout/_spacer.scss
_spacer,spacer_horizontal--sm,scss/mixins/body_atoms/layout/_spacer.scss
_spacer,spacer_horizontal--xl,scss/mixins/body_atoms/layout/_spacer.scss
_spacer,spacer_horizontal--xs,scss/mixins/body_atoms/layout/_spacer.scss
_spacer,spacer_vertical,scss/mixins/body_atoms/layout/_spacer.scss
_spacer,spacer_vertical--2xl,scss/mixins/body_atoms/layout/_spacer.scss
_spacer,spacer_vertical--3xl,scss/mixins/body_atoms/layout/_spacer.scss
_spacer,spacer_vertical--default,scss/mixins/body_atoms/layout/_spacer.scss
_spacer,spacer_vertical--lg,scss/mixins/body_atoms/layout/_spacer.scss
_spacer,spacer_vertical--md,scss/mixins/body_atoms/layout/_spacer.scss
_spacer,spacer_vertical--sm,scss/mixins/body_atoms/layout/_spacer.scss
_spacer,spacer_vertical--xl,scss/mixins/body_atoms/layout/_spacer.scss
_spacer,spacer_vertical--xs,scss/mixins/body_atoms/layout/_spacer.scss
_span,grid--span--col,scss/mixins/head_layout/grid/_span.scss
_span,grid--span--col--lg,scss/mixins/head_layout/grid/_span.scss
_span,grid--span--col--md,scss/mixins/head_layout/grid/_span.scss
_span,grid--span--col--sm,scss/mixins/head_layout/grid/_span.scss
_span,grid--span--row,scss/mixins/head_layout/grid/_span.scss
_span,grid--span--row--lg,scss/mixins/head_layout/grid/_span.scss
_span,grid--span--row--md,scss/mixins/head_layout/grid/_span.scss
_span,grid--span--row--sm,scss/mixins/head_layout/grid/_span.scss
_special,special-char-extra-large,scss/mixins/soul_type/character/_special.scss
_special,special-char-large,scss/mixins/soul_type/character/_special.scss
_special,special-char-medium,scss/mixins/soul_type/character/_special.scss
_special,special-char-small,scss/mixins/soul_type/character/_special.scss
_stacks,stack--horizontal,scss/mixins/head_layout/stacks/_stacks.scss
_stacks,stack--horizontal--gap,scss/mixins/head_layout/stacks/_stacks.scss
_stacks,stack--vertical,scss/mixins/head_layout/stacks/_stacks.scss
_stacks,stack--vertical--gap,scss/mixins/head_layout/stacks/_stacks.scss
_status_progress,progress,scss/mixins/body_atoms/status/_status_progress.scss
_status_progress,progress--animated,scss/mixins/body_atoms/status/_status_progress.scss
_status_progress,progress--label,scss/mixins/body_atoms/status/_status_progress.scss
_status_progress,progress--lg,scss/mixins/body_atoms/status/_status_progress.scss
_status_progress,progress--sm,scss/mixins/body_atoms/status/_status_progress.scss
_status_progress,progress--striped,scss/mixins/body_atoms/status/_status_progress.scss
_status_progress,progress-bar--danger,scss/mixins/body_atoms/status/_status_progress.scss
_status_progress,progress-bar--info,scss/mixins/body_atoms/status/_status_progress.scss
_status_progress,progress-bar--primary,scss/mixins/body_atoms/status/_status_progress.scss
_status_progress,progress-bar--secondary,scss/mixins/body_atoms/status/_status_progress.scss
_status_progress,progress-bar--success,scss/mixins/body_atoms/status/_status_progress.scss
_status_progress,progress-bar--warning,scss/mixins/body_atoms/status/_status_progress.scss
_status_progress,progress_bar,scss/mixins/body_atoms/status/_status_progress.scss
_status_progress,progress_base,scss/mixins/body_atoms/status/_status_progress.scss
_status_spinner,spinner,scss/mixins/body_atoms/status/_status_spinner.scss
_status_spinner,spinner--base,scss/mixins/body_atoms/status/_status_spinner.scss
_status_spinner,spinner--danger,scss/mixins/body_atoms/status/_status_spinner.scss
_status_spinner,spinner--dark,scss/mixins/body_atoms/status/_status_spinner.scss
_status_spinner,spinner--info,scss/mixins/body_atoms/status/_status_spinner.scss
_status_spinner,spinner--lg,scss/mixins/body_atoms/status/_status_spinner.scss
_status_spinner,spinner--light,scss/mixins/body_atoms/status/_status_spinner.scss
_status_spinner,spinner--md,scss/mixins/body_atoms/status/_status_spinner.scss
_status_spinner,spinner--primary,scss/mixins/body_atoms/status/_status_spinner.scss
_status_spinner,spinner--secondary,scss/mixins/body_atoms/status/_status_spinner.scss
_status_spinner,spinner--sm,scss/mixins/body_atoms/status/_status_spinner.scss
_status_spinner,spinner--success,scss/mixins/body_atoms/status/_status_spinner.scss
_status_spinner,spinner--warning,scss/mixins/body_atoms/status/_status_spinner.scss
_status_spinner,spinner_grow,scss/mixins/body_atoms/status/_status_spinner.scss
_sticky,position--sticky--base,scss/mixins/head_layout/position/_sticky.scss
_sticky,position--sticky--bottom,scss/mixins/head_layout/position/_sticky.scss
_sticky,position--sticky--left,scss/mixins/head_layout/position/_sticky.scss
_sticky,position--sticky--right,scss/mixins/head_layout/position/_sticky.scss
_sticky,position--sticky--top,scss/mixins/head_layout/position/_sticky.scss
_stretched_link,stretched_link,scss/mixins/utilities/_stretched_link.scss
_style_bold,character--bold,scss/mixins/soul_type/character/_style_bold.scss
_style_color,object--color,scss/mixins/soul_object/_style_color.scss
_style_fill,object--fill,scss/mixins/soul_object/_style_fill.scss
_style_italic,character--italic,scss/mixins/soul_type/character/_style_italic.scss
_style_shadow,shadow--2xl,scss/mixins/soul_object/_style_shadow.scss
_style_shadow,shadow--bottom,scss/mixins/soul_object/_style_shadow.scss
_style_shadow,shadow--inset,scss/mixins/soul_object/_style_shadow.scss
_style_shadow,shadow--left,scss/mixins/soul_object/_style_shadow.scss
_style_shadow,shadow--lg,scss/mixins/soul_object/_style_shadow.scss
_style_shadow,shadow--md,scss/mixins/soul_object/_style_shadow.scss
_style_shadow,shadow--none,scss/mixins/soul_object/_style_shadow.scss
_style_shadow,shadow--right,scss/mixins/soul_object/_style_shadow.scss
_style_shadow,shadow--sm,scss/mixins/soul_object/_style_shadow.scss
_style_shadow,shadow--top,scss/mixins/soul_object/_style_shadow.scss
_style_shadow,shadow--xl,scss/mixins/soul_object/_style_shadow.scss
_style_shadow,text_shadow--lg,scss/mixins/soul_object/_style_shadow.scss
_style_shadow,text_shadow--md,scss/mixins/soul_object/_style_shadow.scss
_style_shadow,text_shadow--none,scss/mixins/soul_object/_style_shadow.scss
_style_shadow,text_shadow--sm,scss/mixins/soul_object/_style_shadow.scss
_subheader,subheader,scss/mixins/soul_type/paragraph/_subheader.scss
_subheader,subheader--lite,scss/mixins/soul_type/paragraph/_subheader.scss
_subheader,subheader--size-h2,scss/mixins/soul_type/paragraph/_subheader.scss
_subheader,subheader--size-h3,scss/mixins/soul_type/paragraph/_subheader.scss
_subheader,subheader--size-h4,scss/mixins/soul_type/paragraph/_subheader.scss
_subheader,subheader--size-h5,scss/mixins/soul_type/paragraph/_subheader.scss
_subheader,subheader--size-h6,scss/mixins/soul_type/paragraph/_subheader.scss
_subheader,subheader-elevate,scss/mixins/soul_type/paragraph/_subheader.scss
_subheader,subheader__link,scss/mixins/soul_type/paragraph/_subheader.scss
_subheader,subheader__link-active,scss/mixins/soul_type/paragraph/_subheader.scss
_subheader,subheader__link-focus,scss/mixins/soul_type/paragraph/_subheader.scss
_subheader,subheader__link-hover,scss/mixins/soul_type/paragraph/_subheader.scss
_subheader,subheader_allcaps,scss/mixins/soul_type/paragraph/_subheader.scss
_subheader,subheader_allcaps--size-h3,scss/mixins/soul_type/paragraph/_subheader.scss
_subheader,subheader_allcaps--size-h4,scss/mixins/soul_type/paragraph/_subheader.scss
_subheader,subheader_allcaps--size-h5,scss/mixins/soul_type/paragraph/_subheader.scss
_subheader,subheader_allcaps--size-h6,scss/mixins/soul_type/paragraph/_subheader.scss
_subheader,subheader_allcaps__link,scss/mixins/soul_type/paragraph/_subheader.scss
_subheader,subheader_centered,scss/mixins/soul_type/paragraph/_subheader.scss
_subheader,subheader_centered--size-h3,scss/mixins/soul_type/paragraph/_subheader.scss
_subheader,subheader_centered--size-h4,scss/mixins/soul_type/paragraph/_subheader.scss
_subheader,subheader_centered--size-h5,scss/mixins/soul_type/paragraph/_subheader.scss
_subheader,subheader_centered--size-h6,scss/mixins/soul_type/paragraph/_subheader.scss
_subheader,subheader_centered-allcaps,scss/mixins/soul_type/paragraph/_subheader.scss
_subheader,subheader_centered-allcaps--size-h3,scss/mixins/soul_type/paragraph/_subheader.scss
_subheader,subheader_centered-allcaps--size-h4,scss/mixins/soul_type/paragraph/_subheader.scss
_subheader,subheader_centered-allcaps--size-h5,scss/mixins/soul_type/paragraph/_subheader.scss
_subheader,subheader_centered-allcaps--size-h6,scss/mixins/soul_type/paragraph/_subheader.scss
_subheader,subheader_centered-allcaps__link,scss/mixins/soul_type/paragraph/_subheader.scss
_subheader,subheader_centered__link,scss/mixins/soul_type/paragraph/_subheader.scss
_subheader,subheader_regular,scss/mixins/soul_type/paragraph/_subheader.scss
_subheader,subheader_regular--size-h3,scss/mixins/soul_type/paragraph/_subheader.scss
_subheader,subheader_regular--size-h4,scss/mixins/soul_type/paragraph/_subheader.scss
_subheader,subheader_regular--size-h5,scss/mixins/soul_type/paragraph/_subheader.scss
_subheader,subheader_regular--size-h6,scss/mixins/soul_type/paragraph/_subheader.scss
_subheader,subheader_regular__link,scss/mixins/soul_type/paragraph/_subheader.scss
_summary,summary--base,scss/mixins/body_molecules/content/_summary.scss
_summary,summary--details,scss/mixins/body_molecules/content/_summary.scss
_summary,summary--hide-default-icon,scss/mixins/body_molecules/content/_summary.scss
_summary,summary--widget,scss/mixins/body_molecules/content/_summary.scss
_svg,svg--container,scss/mixins/body_atoms/media/_svg.scss
_svg,svg--responsive,scss/mixins/body_atoms/media/_svg.scss
_tab,tab,scss/mixins/body_atoms/display/_tab.scss
_tab,tabcontent,scss/mixins/body_atoms/display/_tab.scss
_table,collapsible_table--base,scss/mixins/body_molecules/table/_table.scss
_table,data_table--base,scss/mixins/body_molecules/table/_table.scss
_table,table--base,scss/mixins/body_molecules/table/_table.scss
_table,table--hover--combined,scss/mixins/body_molecules/table/_table.scss
_table,table--hover--horizontal,scss/mixins/body_molecules/table/_table.scss
_table,table--hover--vertical,scss/mixins/body_molecules/table/_table.scss
_table,table--lined--all,scss/mixins/body_molecules/table/_table.scss
_table,table--lined--horizontal,scss/mixins/body_molecules/table/_table.scss
_table,table--lined--horizontal--consistent,scss/mixins/body_molecules/table/_table.scss
_table,table--lined--vertical,scss/mixins/body_molecules/table/_table.scss
_table,table--size--lg,scss/mixins/body_molecules/table/_table.scss
_table,table--size--sm,scss/mixins/body_molecules/table/_table.scss
_table,table--striped--horizontal,scss/mixins/body_molecules/table/_table.scss
_table,table--striped--vertical,scss/mixins/body_molecules/table/_table.scss
_table,table__caption,scss/mixins/body_molecules/table/_table.scss
_table,table__caption--bottom,scss/mixins/body_molecules/table/_table.scss
_table,table__caption--bottom--styled,scss/mixins/body_molecules/table/_table.scss
_table,table__caption--top,scss/mixins/body_molecules/table/_table.scss
_table,table__caption--top--styled,scss/mixins/body_molecules/table/_table.scss
_table,table__cell--size__base,scss/mixins/body_molecules/table/_table.scss
_table,table__cell--size__lg,scss/mixins/body_molecules/table/_table.scss
_table,table__cell--size__md,scss/mixins/body_molecules/table/_table.scss
_table,table__cell--size__sm,scss/mixins/body_molecules/table/_table.scss
_table,table__cell__base,scss/mixins/body_molecules/table/_table.scss
_table,table__cell__body,scss/mixins/body_molecules/table/_table.scss
_table,table__cell__footer,scss/mixins/body_molecules/table/_table.scss
_table,table__cell__header,scss/mixins/body_molecules/table/_table.scss
_table_responsive,table--stacked,scss/mixins/body_molecules/table/_table_responsive.scss
_table_responsive,table--stacked-block,scss/mixins/body_molecules/table/_table_responsive.scss
_table_responsive,table--stacked-comfortable,scss/mixins/body_molecules/table/_table_responsive.scss
_table_responsive,table--stacked-compact,scss/mixins/body_molecules/table/_table_responsive.scss
_table_responsive,table--stacked-header,scss/mixins/body_molecules/table/_table_responsive.scss
_table_responsive,table--stacked-left,scss/mixins/body_molecules/table/_table_responsive.scss
_table_responsive,table--with-scroll-indicator,scss/mixins/body_molecules/table/_table_responsive.scss
_table_responsive,table-scroll-container,scss/mixins/body_molecules/table/_table_responsive.scss
_table_responsive,table-scroll-container--minimal,scss/mixins/body_molecules/table/_table_responsive.scss
_tags__list,tags--base,scss/mixins/body_molecules/navigation/_tags__list.scss
_tags__list,tags__link,scss/mixins/body_molecules/navigation/_tags__list.scss
_tags__list,tags__list,scss/mixins/body_molecules/navigation/_tags__list.scss
_tags__list,tags__list-item,scss/mixins/body_molecules/navigation/_tags__list.scss
_tags__list,tags__list-item--hidden,scss/mixins/body_molecules/navigation/_tags__list.scss
_tags__list,tags__more-link,scss/mixins/body_molecules/navigation/_tags__list.scss
_tags__list,tags__title,scss/mixins/body_molecules/navigation/_tags__list.scss
_template,template--auth,scss/mixins/body_skeletons/_template.scss
_template,template--blog-post,scss/mixins/body_skeletons/_template.scss
_template,template--dashboard,scss/mixins/body_skeletons/_template.scss
_template,template--documentation,scss/mixins/body_skeletons/_template.scss
_template,template--landing,scss/mixins/body_skeletons/_template.scss
_template,template--portfolio,scss/mixins/body_skeletons/_template.scss
_template,template--product-listing,scss/mixins/body_skeletons/_template.scss
_text_align,text-align,scss/mixins/soul_type/text/_text_align.scss
_text_align,text_align--center,scss/mixins/soul_type/text/_text_align.scss
_text_align,text_align--center_flex,scss/mixins/soul_type/text/_text_align.scss
_text_align,text_align--justify,scss/mixins/soul_type/text/_text_align.scss
_text_align,text_align--justify--left,scss/mixins/soul_type/text/_text_align.scss
_text_align,text_align--justify--right,scss/mixins/soul_type/text/_text_align.scss
_text_align,text_align--left,scss/mixins/soul_type/text/_text_align.scss
_text_align,text_align--right,scss/mixins/soul_type/text/_text_align.scss
_text_indent,text_indent,scss/mixins/soul_type/text/_text_indent.scss
_text_indent,text_indent--lg,scss/mixins/soul_type/text/_text_indent.scss
_text_indent,text_indent--md,scss/mixins/soul_type/text/_text_indent.scss
_text_indent,text_indent--none,scss/mixins/soul_type/text/_text_indent.scss
_text_indent,text_indent--sm,scss/mixins/soul_type/text/_text_indent.scss
_text_indent,text_indent--xl,scss/mixins/soul_type/text/_text_indent.scss
_text_indent,text_indent--xs,scss/mixins/soul_type/text/_text_indent.scss
_text_truncate,text--truncate,scss/mixins/soul_type/text/_text_truncate.scss
_text_truncate,text--truncate-2,scss/mixins/soul_type/text/_text_truncate.scss
_text_truncate,text--truncate-3,scss/mixins/soul_type/text/_text_truncate.scss
_text_truncate,text--truncate-lines,scss/mixins/soul_type/text/_text_truncate.scss
_text_wrap,text--break,scss/mixins/soul_type/text/_text_wrap.scss
_text_wrap,text--nowrap,scss/mixins/soul_type/text/_text_wrap.scss
_text_wrap,text--wrap,scss/mixins/soul_type/text/_text_wrap.scss
_text_wrap,word-break--break-all,scss/mixins/soul_type/text/_text_wrap.scss
_text_wrap,word-break--keep-all,scss/mixins/soul_type/text/_text_wrap.scss
_text_wrap,word-break--normal,scss/mixins/soul_type/text/_text_wrap.scss
_ticker,ticker--base,scss/mixins/body_organisms/_ticker.scss
_ticker,ticker--horizontal,scss/mixins/body_organisms/_ticker.scss
_ticker,ticker--horizontal--bottom,scss/mixins/body_organisms/_ticker.scss
_ticker,ticker--horizontal--top,scss/mixins/body_organisms/_ticker.scss
_ticker,ticker--inverted,scss/mixins/body_organisms/_ticker.scss
_ticker,ticker--loop,scss/mixins/body_organisms/_ticker.scss
_ticker,ticker--track-horizontal,scss/mixins/body_organisms/_ticker.scss
_ticker,ticker--track-vertical,scss/mixins/body_organisms/_ticker.scss
_ticker,ticker--vertical,scss/mixins/body_organisms/_ticker.scss
_ticker,ticker--vertical--left,scss/mixins/body_organisms/_ticker.scss
_ticker,ticker--vertical--right,scss/mixins/body_organisms/_ticker.scss
_timeline,timeline,scss/mixins/body_molecules/content/_timeline.scss
_timestamp,timestamp,scss/mixins/body_molecules/content/_timestamp.scss
_timestamp,timestamp--active,scss/mixins/body_molecules/content/_timestamp.scss
_timestamp,timestamp--container,scss/mixins/body_molecules/content/_timestamp.scss
_timestamp,timestamp--details,scss/mixins/body_molecules/content/_timestamp.scss
_timestamp,timestamp--elevate,scss/mixins/body_molecules/content/_timestamp.scss
_timestamp,timestamp--expand-button,scss/mixins/body_molecules/content/_timestamp.scss
_timestamp,timestamp--hover,scss/mixins/body_molecules/content/_timestamp.scss
_toast,toast--action,scss/mixins/body_molecules/feedback/_toast.scss
_toast,toast--base,scss/mixins/body_molecules/feedback/_toast.scss
_toast,toast--body,scss/mixins/body_molecules/feedback/_toast.scss
_toast,toast--close,scss/mixins/body_molecules/feedback/_toast.scss
_toast,toast--container,scss/mixins/body_molecules/feedback/_toast.scss
_toast,toast--container-placement,scss/mixins/body_molecules/feedback/_toast.scss
_toast,toast--dark,scss/mixins/body_molecules/feedback/_toast.scss
_toast,toast--error,scss/mixins/body_molecules/feedback/_toast.scss
_toast,toast--fade,scss/mixins/body_molecules/feedback/_toast.scss
_toast,toast--fixed-container,scss/mixins/body_molecules/feedback/_toast.scss
_toast,toast--header,scss/mixins/body_molecules/feedback/_toast.scss
_toast,toast--info,scss/mixins/body_molecules/feedback/_toast.scss
_toast,toast--rounded,scss/mixins/body_molecules/feedback/_toast.scss
_toast,toast--slide-right,scss/mixins/body_molecules/feedback/_toast.scss
_toast,toast--slide-top,scss/mixins/body_molecules/feedback/_toast.scss
_toast,toast--success,scss/mixins/body_molecules/feedback/_toast.scss
_toast,toast--timer-indicator,scss/mixins/body_molecules/feedback/_toast.scss
_toast,toast--translucent,scss/mixins/body_molecules/feedback/_toast.scss
_toast,toast--warning,scss/mixins/body_molecules/feedback/_toast.scss
_toast,toast--with-icon,scss/mixins/body_molecules/feedback/_toast.scss
_toast,toast_container--bottom-center,scss/mixins/body_molecules/feedback/_toast.scss
_toast,toast_container--bottom-end,scss/mixins/body_molecules/feedback/_toast.scss
_toast,toast_container--bottom-start,scss/mixins/body_molecules/feedback/_toast.scss
_toast,toast_container--middle-center,scss/mixins/body_molecules/feedback/_toast.scss
_toast,toast_container--middle-end,scss/mixins/body_molecules/feedback/_toast.scss
_toast,toast_container--middle-start,scss/mixins/body_molecules/feedback/_toast.scss
_toast,toast_container--top-center,scss/mixins/body_molecules/feedback/_toast.scss
_toast,toast_container--top-end,scss/mixins/body_molecules/feedback/_toast.scss
_toast,toast_container--top-start,scss/mixins/body_molecules/feedback/_toast.scss
_toc,aside-toc--base,scss/mixins/body_molecules/content/_toc.scss
_toc,toc,scss/mixins/body_molecules/content/_toc.scss
_tooltip,tooltip,scss/mixins/body_atoms/display/_tooltip.scss
_tooltip,tooltip--base,scss/mixins/body_atoms/display/_tooltip.scss
_tooltip,tooltip--bottom,scss/mixins/body_atoms/display/_tooltip.scss
_tooltip,tooltip--box,scss/mixins/body_atoms/display/_tooltip.scss
_tooltip,tooltip--left,scss/mixins/body_atoms/display/_tooltip.scss
_tooltip,tooltip--right,scss/mixins/body_atoms/display/_tooltip.scss
_tooltip,tooltip--static,scss/mixins/body_atoms/display/_tooltip.scss
_tooltip,tooltip--themed-accent,scss/mixins/body_atoms/display/_tooltip.scss
_tooltip,tooltip--themed-dark,scss/mixins/body_atoms/display/_tooltip.scss
_tooltip,tooltip--themed-hover,scss/mixins/body_atoms/display/_tooltip.scss
_tooltip,tooltip--top,scss/mixins/body_atoms/display/_tooltip.scss
_tooltip,tooltip__arrow,scss/mixins/body_atoms/display/_tooltip.scss
_tooltip,tooltip__arrow--bottom,scss/mixins/body_atoms/display/_tooltip.scss
_tooltip,tooltip__arrow--left,scss/mixins/body_atoms/display/_tooltip.scss
_tooltip,tooltip__arrow--right,scss/mixins/body_atoms/display/_tooltip.scss
_tooltip,tooltip__arrow--right-themed,scss/mixins/body_atoms/display/_tooltip.scss
_tooltip,tooltip__arrow--top,scss/mixins/body_atoms/display/_tooltip.scss
_tooltip,tooltip__box--bottom,scss/mixins/body_atoms/display/_tooltip.scss
_tooltip,tooltip__box--left,scss/mixins/body_atoms/display/_tooltip.scss
_tooltip,tooltip__box--right,scss/mixins/body_atoms/display/_tooltip.scss
_tooltip,tooltip__box--top,scss/mixins/body_atoms/display/_tooltip.scss
_tooltip,tooltip__popup,scss/mixins/body_atoms/display/_tooltip.scss
_tooltip,tooltip__popup--bottom,scss/mixins/body_atoms/display/_tooltip.scss
_tooltip,tooltip__popup--left,scss/mixins/body_atoms/display/_tooltip.scss
_tooltip,tooltip__popup--right,scss/mixins/body_atoms/display/_tooltip.scss
_tooltip,tooltip__popup--top,scss/mixins/body_atoms/display/_tooltip.scss
_tooltip,tooltip__popup--visible,scss/mixins/body_atoms/display/_tooltip.scss
_user_select,user-select--all,scss/mixins/utilities/_user_select.scss
_user_select,user-select--auto,scss/mixins/utilities/_user_select.scss
_user_select,user-select--none,scss/mixins/utilities/_user_select.scss
_validation,form--validated,scss/mixins/body_molecules/forms/_validation.scss
_validation,form-field--native-validation,scss/mixins/body_molecules/forms/_validation.scss
_validation,form-field--validated,scss/mixins/body_molecules/forms/_validation.scss
_validation,form-field--with-icon,scss/mixins/body_molecules/forms/_validation.scss
_validation,label--optional,scss/mixins/body_molecules/forms/_validation.scss
_validation,label--required,scss/mixins/body_molecules/forms/_validation.scss
_validation,validation-error,scss/mixins/body_molecules/forms/_validation.scss
_validation,validation-error--visible,scss/mixins/body_molecules/forms/_validation.scss
_validation,validation-input--invalid,scss/mixins/body_molecules/forms/_validation.scss
_validation,validation-input--valid,scss/mixins/body_molecules/forms/_validation.scss
_validation,validation-input--warning,scss/mixins/body_molecules/forms/_validation.scss
_validation,validation-success,scss/mixins/body_molecules/forms/_validation.scss
_variant_case,character--all_petite_caps,scss/mixins/soul_type/character/_variant_case.scss
_variant_case,character--capitalize,scss/mixins/soul_type/character/_variant_case.scss
_variant_case,character--inherit,scss/mixins/soul_type/character/_variant_case.scss
_variant_case,character--initial,scss/mixins/soul_type/character/_variant_case.scss
_variant_case,character--lowercase,scss/mixins/soul_type/character/_variant_case.scss
_variant_case,character--petite_caps,scss/mixins/soul_type/character/_variant_case.scss
_variant_case,character--smallcaps,scss/mixins/soul_type/character/_variant_case.scss
_variant_case,character--smallcaps_all,scss/mixins/soul_type/character/_variant_case.scss
_variant_case,character--style,scss/mixins/soul_type/character/_variant_case.scss
_variant_case,character--titling_caps,scss/mixins/soul_type/character/_variant_case.scss
_variant_case,character--unicase,scss/mixins/soul_type/character/_variant_case.scss
_variant_case,character--unset,scss/mixins/soul_type/character/_variant_case.scss
_variant_case,character--uppercase,scss/mixins/soul_type/character/_variant_case.scss
_variant_case,font--variant_caps,scss/mixins/soul_type/character/_variant_case.scss
_variant_case,text_transform,scss/mixins/soul_type/character/_variant_case.scss
_variant_script,character--script_base,scss/mixins/soul_type/character/_variant_script.scss
_variant_script,character--script_sub,scss/mixins/soul_type/character/_variant_script.scss
_variant_script,character--script_super,scss/mixins/soul_type/character/_variant_script.scss
_variant_small,character--small,scss/mixins/soul_type/character/_variant_small.scss
_variant_small,character--small_bold,scss/mixins/soul_type/character/_variant_small.scss
_variant_small,character--small_italic,scss/mixins/soul_type/character/_variant_small.scss
_vcard,vcard--base,scss/mixins/body_molecules/content/_vcard.scss
_vcard,vcard--org,scss/mixins/body_molecules/content/_vcard.scss
_vertical,vertical,scss/mixins/head_layout/position/_vertical.scss
_vertical,vertical--baseline,scss/mixins/head_layout/position/_vertical.scss
_vertical,vertical--bottom,scss/mixins/head_layout/position/_vertical.scss
_vertical,vertical--middle,scss/mixins/head_layout/position/_vertical.scss
_vertical,vertical--text-bottom,scss/mixins/head_layout/position/_vertical.scss
_vertical,vertical--text-top,scss/mixins/head_layout/position/_vertical.scss
_vertical,vertical--top,scss/mixins/head_layout/position/_vertical.scss
_vertical_rule,vertical-rule,scss/mixins/soul_line/_vertical_rule.scss
_video,custom-controls,scss/mixins/body_atoms/media/_video.scss
_video,embed-responsive,scss/mixins/body_atoms/media/_video.scss
_video,htms-video,scss/mixins/body_atoms/media/_video.scss
_video,video-aspect-ratio,scss/mixins/body_atoms/media/_video.scss
_video,video-background,scss/mixins/body_atoms/media/_video.scss
_video,video-container,scss/mixins/body_atoms/media/_video.scss
_video,video-overlay,scss/mixins/body_atoms/media/_video.scss
_video,video-wrapper-iframe,scss/mixins/body_atoms/media/_video.scss
_video,video_wrapper,scss/mixins/body_atoms/media/_video.scss
_video_button,video-button,scss/mixins/body_organisms/_video_button.scss
_visibility,invisible,scss/mixins/head_layout/display/_visibility.scss
_visibility,visible,scss/mixins/head_layout/display/_visibility.scss
_visibility,visually-hidden,scss/mixins/head_layout/display/_visibility.scss
_visibility,visually-hidden--reset,scss/mixins/head_layout/display/_visibility.scss
_visually_hidden,sr-only-focusable,scss/mixins/utilities/_visually_hidden.scss
_widget,widget--base,scss/mixins/body_organisms/_widget.scss
_widget,widget--pill,scss/mixins/body_organisms/_widget.scss
_widget,widget--rounded,scss/mixins/body_organisms/_widget.scss
_widget,widget--squared,scss/mixins/body_organisms/_widget.scss
_wrap,flex--nowrap,scss/mixins/head_layout/flex/_wrap.scss
_wrap,flex--wrap,scss/mixins/head_layout/flex/_wrap.scss
_wrap,flex--wrap--reverse,scss/mixins/head_layout/flex/_wrap.scss
line_number,line_numbers,scss/mixins/soul_type/paragraph/line_number.scss
